<?xml version="1.0" encoding="utf-8"?>
<!--/1137313/647103/2.49/2/4/Inductor/-->
<quadcept_library>
  <setting unit="mil" />
  <textstyle name="Default" height="47.244094488189" strokewidth="7.8740157480315" charwidth="47.244094488189" />
  <textstyle name="Dimension" height="19.6850393700787" strokewidth="0" charwidth="19.6850393700787" />
  <textstyle name="H127W0635TH00762" height="50" strokewidth="3" charwidth="25" />
  <textstyle name="H15W15TH02" height="59.0551181102362" strokewidth="7.8740157480315" charwidth="59.0551181102362" />
  <padstyle name="r850_800" surface="True" plated="False" isvia="False" nopaste="False" nomask="True" complex="False" holesize="0">
    <padshape layer="TOP" shape="rectangle" width="314.96062992126" height="334.64566929133" />
    <padshape layer="TOP_SOLDER_MASK" shape="rectangle" width="322.83464566929" height="342.51968503937" />
    <padshape layer="TOP_SOLDER_PASTE" shape="rectangle" width="314.96062992126" height="334.64566929133" />
  </padstyle>
  <footprint name="74437529203221" originx="0" originy="0" pickpointx="0" pickpointy="0">
    <pcbpin number="1" name="1" style="r850_800" originx="0" originy="334.64566929133" rotation="0" />
    <pcbpin number="2" name="2" style="r850_800" originx="0" originy="-334.64566929133" rotation="0" />
    <line layer="TOP_ASSEMBLY" originx="-551.1811023622" originy="492.12598425196" endx="551.1811023622" endy="492.12598425196" width="7.8740157480314" />
    <line layer="TOP_ASSEMBLY" originx="551.1811023622" originy="492.12598425196" endx="551.1811023622" endy="-492.12598425196" width="7.8740157480314" />
    <line layer="TOP_ASSEMBLY" originx="551.1811023622" originy="-492.12598425196" endx="-551.1811023622" endy="-492.12598425196" width="7.8740157480314" />
    <line layer="TOP_ASSEMBLY" originx="-551.1811023622" originy="-492.12598425196" endx="-551.1811023622" endy="492.12598425196" width="7.8740157480314" />
    <line layer="TOP_PLACE_BOUND" originx="-582.67716535432" originy="533.46456692913" endx="582.67716535432" endy="533.46456692913" width="3.9370078740157" />
    <line layer="TOP_PLACE_BOUND" originx="582.67716535432" originy="533.46456692913" endx="582.67716535432" endy="-533.46456692913" width="3.9370078740157" />
    <line layer="TOP_PLACE_BOUND" originx="582.67716535432" originy="-533.46456692913" endx="-582.67716535432" endy="-533.46456692913" width="3.9370078740157" />
    <line layer="TOP_PLACE_BOUND" originx="-582.67716535432" originy="-533.46456692913" endx="-582.67716535432" endy="533.46456692913" width="3.9370078740157" />
    <line layer="TOP_SILKSCREEN" originx="-196.85039370078" originy="492.12598425196" endx="-551.1811023622" endy="492.12598425196" width="3.9370078740157" />
    <line layer="TOP_SILKSCREEN" originx="-551.1811023622" originy="492.12598425196" endx="-551.1811023622" endy="-492.12598425196" width="3.9370078740157" />
    <line layer="TOP_SILKSCREEN" originx="-551.1811023622" originy="-492.12598425196" endx="-196.85039370078" endy="-492.12598425196" width="3.9370078740157" />
    <line layer="TOP_SILKSCREEN" originx="196.85039370078" originy="-492.12598425196" endx="551.1811023622" endy="-492.12598425196" width="3.9370078740157" />
    <line layer="TOP_SILKSCREEN" originx="551.1811023622" originy="-492.12598425196" endx="551.1811023622" endy="492.12598425196" width="3.9370078740157" />
    <line layer="TOP_SILKSCREEN" originx="551.1811023622" originy="492.12598425196" endx="196.85039370078" endy="492.12598425196" width="3.9370078740157" />
  </footprint>
  <symbol name="74437529203471" originx="0" originy="0">
    <arc originx="250" originy="-2" startangle="177.7" sweepangle="-175.4" radius="50" width="0" />
    <arc originx="350" originy="-2" startangle="177.7" sweepangle="-175.4" radius="50" width="0" />
    <arc originx="450" originy="-2" startangle="177.7" sweepangle="-175.4" radius="50" width="0" />
    <arc originx="550" originy="-2" startangle="177.7" sweepangle="-175.4" radius="50" width="0" />
    <sympin number="1" originx="200" originy="0" rotation="180" length="100" width="7.8740157480315" flipped="False">
      <text name="pinname" originx="0" originy="-10" style="Default" rotation="0" justify="upperleft" flipped="False" hidden="True" data="1" />
      <text name="pindes" originx="0" originy="10" style="Default" rotation="0" justify="lowerleft" flipped="False" hidden="False" data="1" />
    </sympin>
    <sympin number="2" originx="600" originy="0" rotation="0" length="100" width="7.8740157480315" flipped="False">
      <text name="pinname" originx="800" originy="-10" style="Default" rotation="0" justify="upperright" flipped="False" hidden="True" data="2" />
      <text name="pindes" originx="800" originy="10" style="Default" rotation="0" justify="lowerright" flipped="False" hidden="False" data="2" />
    </sympin>
  </symbol>
  <component name="74437529203471" designatorprefix="L" height="807.08661417322" footprint="74437529203221">
    <comppin designator="1" sympin="1" pinswap="0" gateswap="0" gate="1" group="1" side="" type="Any" name="1" />
    <comppin designator="2" sympin="2" pinswap="0" gateswap="0" gate="1" group="1" side="" type="Any" name="2" />
    <attached_symbol gate="1" name="74437529203471" />
    <pinmap designator="1" footprintpin="1" />
    <pinmap designator="2" footprintpin="2" />
    <text name="Datasheet" originx="0" originy="0" style="Default" rotation="0" justify="" flipped="False" hidden="True" data="https://www.we-online.de/katalog/datasheet/74437529203471.pdf" />
    <text name="Description" originx="0" originy="0" style="Default" rotation="0" justify="" flipped="False" hidden="True" data="WURTH ELEKTRONIK - 74437529203471 - Power Inductor (SMD), 470 H, 5.5 A, Shielded, 3.7 A, WE-HCF Series, 28mm x 25mm x 20.5mm" />
    <text name="Manufacturer_Name" originx="0" originy="0" style="Default" rotation="0" justify="" flipped="False" hidden="True" data="Wurth Elektronik" />
    <text name="Manufacturer_Part_Number" originx="650" originy="150" style="Default" rotation="0" justify="left" flipped="False" hidden="False" data="74437529203471" />
    <text name="Mouser Part Number" originx="0" originy="0" style="Default" rotation="0" justify="" flipped="False" hidden="True" data="710-74437529203471" />
    <text name="Mouser Price/Stock" originx="0" originy="0" style="Default" rotation="0" justify="" flipped="False" hidden="True" data="https://www.mouser.co.uk/ProductDetail/Wurth-Elektronik/74437529203471?qs=f9yNj16SXrIPviz1ofhdNA%3D%3D" />
    <text name="Arrow Part Number" originx="0" originy="0" style="Default" rotation="0" justify="" flipped="False" hidden="True" data="" />
    <text name="Arrow Price/Stock" originx="0" originy="0" style="Default" rotation="0" justify="" flipped="False" hidden="True" data="" />
    <text name="Mouser Testing Part Number" originx="0" originy="0" style="Default" rotation="0" justify="" flipped="False" hidden="True" data="" />
    <text name="Mouser Testing Price/Stock" originx="0" originy="0" style="Default" rotation="0" justify="" flipped="False" hidden="True" data="" />
  </component>
</quadcept_library>
