<?xml version="1.0" encoding="utf-8"?>
<!--/1284658/647103/2.49/2/2/Capacitor Polarised/-->
<quadcept_library>
  <setting unit="mil" />
  <textstyle name="Default" height="47.244094488189" strokewidth="7.8740157480315" charwidth="47.244094488189" />
  <textstyle name="Dimension" height="19.6850393700787" strokewidth="0" charwidth="19.6850393700787" />
  <textstyle name="H127W0635TH00762" height="50" strokewidth="3" charwidth="25" />
  <textstyle name="H15W15TH02" height="59.0551181102362" strokewidth="7.8740157480315" charwidth="59.0551181102362" />
  <padstyle name="r415_235" surface="True" plated="False" isvia="False" nopaste="False" nomask="True" complex="False" holesize="0">
    <padshape layer="TOP" shape="rectangle" width="92.519685039369" height="163.38582677165" />
    <padshape layer="TOP_SOLDER_MASK" shape="rectangle" width="100.3937007874" height="171.25984251968" />
    <padshape layer="TOP_SOLDER_PASTE" shape="rectangle" width="92.519685039369" height="163.38582677165" />
  </padstyle>
  <footprint name="CAPPM7360X430N" originx="0" originy="0" pickpointx="0" pickpointy="0">
    <pcbpin number="1" name="1" style="r415_235" originx="-122.04724409449" originy="0" rotation="0" />
    <pcbpin number="2" name="2" style="r415_235" originx="122.04724409449" originy="0" rotation="0" />
    <line layer="TOP_PLACE_BOUND" originx="-178.14960629921" originy="133.85826771653" endx="178.14960629921" endy="133.85826771653" width="1.9685039370079" />
    <line layer="TOP_PLACE_BOUND" originx="178.14960629921" originy="133.85826771653" endx="178.14960629921" endy="-133.85826771653" width="1.9685039370079" />
    <line layer="TOP_PLACE_BOUND" originx="178.14960629921" originy="-133.85826771653" endx="-178.14960629921" endy="-133.85826771653" width="1.9685039370079" />
    <line layer="TOP_PLACE_BOUND" originx="-178.14960629921" originy="-133.85826771653" endx="-178.14960629921" endy="133.85826771653" width="1.9685039370079" />
    <line layer="TOP_ASSEMBLY" originx="-143.70078740157" originy="118.11023622047" endx="143.70078740157" endy="118.11023622047" width="3.9370078740157" />
    <line layer="TOP_ASSEMBLY" originx="143.70078740157" originy="118.11023622047" endx="143.70078740157" endy="-118.11023622047" width="3.9370078740157" />
    <line layer="TOP_ASSEMBLY" originx="143.70078740157" originy="-118.11023622047" endx="-143.70078740157" endy="-118.11023622047" width="3.9370078740157" />
    <line layer="TOP_ASSEMBLY" originx="-143.70078740157" originy="-118.11023622047" endx="-143.70078740157" endy="118.11023622047" width="3.9370078740157" />
    <line layer="TOP_ASSEMBLY" originx="-143.70078740157" originy="71.850393700787" endx="-97.440944881889" endy="118.11023622047" width="3.9370078740157" />
    <line layer="TOP_SILKSCREEN" originx="143.70078740157" originy="118.11023622047" endx="-168.30708661417" endy="118.11023622047" width="7.8740157480314" />
    <line layer="TOP_SILKSCREEN" originx="-143.70078740157" originy="-118.11023622047" endx="143.70078740157" endy="-118.11023622047" width="7.8740157480314" />
  </footprint>
  <symbol name="T543O477M016AHE020" originx="0" originy="0">
    <line originx="200" originy="100" endx="200" endy="-100" width="0" />
    <line originx="230" originy="-100" endx="200" endy="-100" width="0" />
    <line originx="230" originy="-100" endx="230" endy="100" width="0" />
    <line originx="200" originy="100" endx="230" endy="100" width="0" />
    <line originx="180" originy="50" endx="140" endy="50" width="0" />
    <line originx="160" originy="70" endx="160" endy="30" width="0" />
    <line originx="100" originy="0" endx="200" endy="0" width="0" />
    <line originx="300" originy="0" endx="400" endy="0" width="0" />
    <sympin number="1" originx="100" originy="0" rotation="180" length="100" width="7.8740157480315" flipped="False">
      <text name="pinname" originx="0" originy="-10" style="Default" rotation="0" justify="upperleft" flipped="False" hidden="True" data="+" />
      <text name="pindes" originx="0" originy="10" style="Default" rotation="0" justify="lowerleft" flipped="False" hidden="False" data="1" />
    </sympin>
    <sympin number="2" originx="400" originy="0" rotation="0" length="100" width="7.8740157480315" flipped="False">
      <text name="pinname" originx="500" originy="-10" style="Default" rotation="0" justify="upperright" flipped="False" hidden="True" data="-" />
      <text name="pindes" originx="500" originy="10" style="Default" rotation="0" justify="lowerright" flipped="False" hidden="False" data="2" />
    </sympin>
    <polygon type="polygon">
      <point x="300" y="100" />
      <point x="300" y="-100" />
      <point x="270" y="-100" />
      <point x="270" y="100" />
    </polygon>
  </symbol>
  <component name="T543O477M016AHE020" designatorprefix="C" height="169.29133858268" footprint="CAPPM7360X430N">
    <comppin designator="1" sympin="1" pinswap="0" gateswap="0" gate="1" group="1" side="" type="Any" name="+" />
    <comppin designator="2" sympin="2" pinswap="0" gateswap="0" gate="1" group="1" side="" type="Any" name="-" />
    <attached_symbol gate="1" name="T543O477M016AHE020" />
    <pinmap designator="1" footprintpin="1" />
    <pinmap designator="2" footprintpin="2" />
    <text name="Datasheet" originx="0" originy="0" style="Default" rotation="0" justify="" flipped="False" hidden="True" data="https://content.kemet.com/datasheets/KEM_T2061_T543.pdf" />
    <text name="Description" originx="0" originy="0" style="Default" rotation="0" justify="" flipped="False" hidden="True" data="T543 HRA, Tantalum, Polymer Tantalum, HRA, 470 uF, 20%, 16 VDC, 105C, -55C, 105C, SMD, Polymer, Molded, Up Screening, 10 % , N/A, 20 mOhms, 752 uA, 696 mg, 7360, 4mm, Height Max = 4.3mm, 250, 52  Weeks" />
    <text name="Manufacturer_Name" originx="0" originy="0" style="Default" rotation="0" justify="" flipped="False" hidden="True" data="KEMET" />
    <text name="Manufacturer_Part_Number" originx="350" originy="150" style="Default" rotation="0" justify="left" flipped="False" hidden="False" data="T543O477M016AHE020" />
    <text name="Mouser Part Number" originx="0" originy="0" style="Default" rotation="0" justify="" flipped="False" hidden="True" data="80-T543O477M016AHE20" />
    <text name="Mouser Price/Stock" originx="0" originy="0" style="Default" rotation="0" justify="" flipped="False" hidden="True" data="https://www.mouser.co.uk/ProductDetail/KEMET/T543O477M016AHE020/?qs=r5DSvlrkXmJq%252BXsyQPO%252BEg%3D%3D" />
    <text name="Arrow Part Number" originx="0" originy="0" style="Default" rotation="0" justify="" flipped="False" hidden="True" data="T543O477M016AHE020" />
    <text name="Arrow Price/Stock" originx="0" originy="0" style="Default" rotation="0" justify="" flipped="False" hidden="True" data="https://www.arrow.com/en/products/t543o477m016ahe020/kemet-corporation" />
    <text name="Mouser Testing Part Number" originx="0" originy="0" style="Default" rotation="0" justify="" flipped="False" hidden="True" data="" />
    <text name="Mouser Testing Price/Stock" originx="0" originy="0" style="Default" rotation="0" justify="" flipped="False" hidden="True" data="" />
  </component>
</quadcept_library>
