<?xml version="1.0" encoding="utf-8"?>
<!--/13238720/647103/2.49/2/4/Resistor/-->
<quadcept_library>
  <setting unit="mil" />
  <textstyle name="Default" height="47.244094488189" strokewidth="7.8740157480315" charwidth="47.244094488189" />
  <textstyle name="Dimension" height="19.6850393700787" strokewidth="0" charwidth="19.6850393700787" />
  <textstyle name="H127W0635TH00762" height="50" strokewidth="3" charwidth="25" />
  <textstyle name="H15W15TH02" height="59.0551181102362" strokewidth="7.8740157480315" charwidth="59.0551181102362" />
  <padstyle name="s1400" surface="True" plated="False" isvia="False" nopaste="False" nomask="True" complex="False" holesize="0">
    <padshape layer="TOP" shape="square" width="551.1811023622" height="551.1811023622" />
    <padshape layer="TOP_SOLDER_MASK" shape="square" width="559.05511811023" height="559.05511811023" />
    <padshape layer="TOP_SOLDER_PASTE" shape="square" width="551.1811023622" height="551.1811023622" />
  </padstyle>
  <footprint name="RWS108K2JTR" originx="0" originy="0" pickpointx="0" pickpointy="0">
    <pcbpin number="1" name="1" style="s1400" originx="-326.7716535433" originy="0" rotation="90" />
    <pcbpin number="2" name="2" style="s1400" originx="326.7716535433" originy="0" rotation="90" />
    <line layer="TOP_ASSEMBLY" originx="-562.99212598425" originy="-236.22047244094" endx="562.99212598425" endy="-236.22047244094" width="7.8740157480314" />
    <line layer="TOP_ASSEMBLY" originx="562.99212598425" originy="-236.22047244094" endx="562.99212598425" endy="236.22047244094" width="7.8740157480314" />
    <line layer="TOP_ASSEMBLY" originx="562.99212598425" originy="236.22047244094" endx="-562.99212598425" endy="236.22047244094" width="7.8740157480314" />
    <line layer="TOP_ASSEMBLY" originx="-562.99212598425" originy="236.22047244094" endx="-562.99212598425" endy="-236.22047244094" width="7.8740157480314" />
    <line layer="TOP_SILKSCREEN" originx="-29.527559055118" originy="236.22047244094" endx="29.527559055118" endy="236.22047244094" width="3.9370078740157" />
    <line layer="TOP_SILKSCREEN" originx="29.527559055118" originy="236.22047244094" endx="29.527559055118" endy="236.22047244094" width="3.9370078740157" />
    <line layer="TOP_SILKSCREEN" originx="29.527559055118" originy="236.22047244094" endx="-29.527559055118" endy="236.22047244094" width="3.9370078740157" />
    <line layer="TOP_SILKSCREEN" originx="-29.527559055118" originy="236.22047244094" endx="-29.527559055118" endy="236.22047244094" width="3.9370078740157" />
    <line layer="TOP_SILKSCREEN" originx="-29.527559055118" originy="-236.22047244094" endx="29.527559055118" endy="-236.22047244094" width="3.9370078740157" />
    <line layer="TOP_SILKSCREEN" originx="29.527559055118" originy="-236.22047244094" endx="29.527559055118" endy="-236.22047244094" width="3.9370078740157" />
    <line layer="TOP_SILKSCREEN" originx="29.527559055118" originy="-236.22047244094" endx="-29.527559055118" endy="-236.22047244094" width="3.9370078740157" />
    <line layer="TOP_SILKSCREEN" originx="-29.527559055118" originy="-236.22047244094" endx="-29.527559055118" endy="-236.22047244094" width="3.9370078740157" />
    <line layer="TOP_PLACE_BOUND" originx="-692.91338582676" originy="314.96062992126" endx="641.73228346456" endy="314.96062992126" width="3.9370078740157" />
    <line layer="TOP_PLACE_BOUND" originx="641.73228346456" originy="314.96062992126" endx="641.73228346456" endy="-314.96062992126" width="3.9370078740157" />
    <line layer="TOP_PLACE_BOUND" originx="641.73228346456" originy="-314.96062992126" endx="-692.91338582676" endy="-314.96062992126" width="3.9370078740157" />
    <line layer="TOP_PLACE_BOUND" originx="-692.91338582676" originy="-314.96062992126" endx="-692.91338582676" endy="314.96062992126" width="3.9370078740157" />
    <line layer="TOP_SILKSCREEN" originx="-653.54330708661" originy="0" endx="-653.54330708661" endy="0" width="7.8740157480314" />
    <arc layer="TOP_SILKSCREEN" originx="-651.5748031496" originy="0" startangle="180.0" sweepangle="180.0" radius="1.9685039370079" width="7.8740157480314" />
    <line layer="TOP_SILKSCREEN" originx="-649.60629921259" originy="0" endx="-649.60629921259" endy="0" width="7.8740157480314" />
    <arc layer="TOP_SILKSCREEN" originx="-651.5748031496" originy="0" startangle=".0" sweepangle="180.0" radius="1.9685039370079" width="7.8740157480314" />
    <line layer="TOP_SILKSCREEN" originx="-653.54330708661" originy="0" endx="-653.54330708661" endy="0" width="7.8740157480314" />
    <arc layer="TOP_SILKSCREEN" originx="-651.5748031496" originy="0" startangle="180.0" sweepangle="180.0" radius="1.9685039370079" width="7.8740157480314" />
  </footprint>
  <symbol name="RWS10_8K2_J_T_R" originx="0" originy="0">
    <line originx="200" originy="50" endx="500" endy="50" width="0" />
    <line originx="500" originy="-50" endx="500" endy="50" width="0" />
    <line originx="500" originy="-50" endx="200" endy="-50" width="0" />
    <line originx="200" originy="50" endx="200" endy="-50" width="0" />
    <sympin number="1" originx="200" originy="0" rotation="180" length="100" width="7.8740157480315" flipped="False">
      <text name="pinname" originx="0" originy="-10" style="Default" rotation="0" justify="upperleft" flipped="False" hidden="True" data="1" />
      <text name="pindes" originx="0" originy="10" style="Default" rotation="0" justify="lowerleft" flipped="False" hidden="False" data="1" />
    </sympin>
    <sympin number="2" originx="500" originy="0" rotation="0" length="100" width="7.8740157480315" flipped="False">
      <text name="pinname" originx="700" originy="-10" style="Default" rotation="0" justify="upperright" flipped="False" hidden="True" data="2" />
      <text name="pindes" originx="700" originy="10" style="Default" rotation="0" justify="lowerright" flipped="False" hidden="False" data="2" />
    </sympin>
  </symbol>
  <component name="RWS10_8K2_J_T_R" designatorprefix="R" height="511.81102362204" footprint="RWS108K2JTR">
    <comppin designator="1" sympin="1" pinswap="0" gateswap="0" gate="1" group="1" side="" type="Any" name="1" />
    <comppin designator="2" sympin="2" pinswap="0" gateswap="0" gate="1" group="1" side="" type="Any" name="2" />
    <attached_symbol gate="1" name="RWS10_8K2_J_T_R" />
    <pinmap designator="1" footprintpin="1" />
    <pinmap designator="2" footprintpin="2" />
    <text name="Datasheet" originx="0" originy="0" style="Default" rotation="0" justify="" flipped="False" hidden="True" data="https://www.mouser.es/datasheet/2/303/RWS710-1-12.41-768831.pdf" />
    <text name="Description" originx="0" originy="0" style="Default" rotation="0" justify="" flipped="False" hidden="True" data="Precision Power Wirewound SMD Resistors" />
    <text name="Manufacturer_Name" originx="0" originy="0" style="Default" rotation="0" justify="" flipped="False" hidden="True" data="Arcol" />
    <text name="Manufacturer_Part_Number" originx="550" originy="150" style="Default" rotation="0" justify="left" flipped="False" hidden="False" data="RWS10 8K2 J T&R" />
    <text name="Mouser Part Number" originx="0" originy="0" style="Default" rotation="0" justify="" flipped="False" hidden="True" data="" />
    <text name="Mouser Price/Stock" originx="0" originy="0" style="Default" rotation="0" justify="" flipped="False" hidden="True" data="" />
    <text name="Arrow Part Number" originx="0" originy="0" style="Default" rotation="0" justify="" flipped="False" hidden="True" data="" />
    <text name="Arrow Price/Stock" originx="0" originy="0" style="Default" rotation="0" justify="" flipped="False" hidden="True" data="" />
    <text name="Mouser Testing Part Number" originx="0" originy="0" style="Default" rotation="0" justify="" flipped="False" hidden="True" data="" />
    <text name="Mouser Testing Price/Stock" originx="0" originy="0" style="Default" rotation="0" justify="" flipped="False" hidden="True" data="" />
  </component>
</quadcept_library>
