<?xml version="1.0" encoding="utf-8"?>
<!--/306396/983785/2.49/20/4/Display/-->
<quadcept_library>
  <setting unit="mil" />
  <textstyle name="Default" height="47.244094488189" strokewidth="7.8740157480315" charwidth="47.244094488189" />
  <textstyle name="Dimension" height="19.6850393700787" strokewidth="0" charwidth="19.6850393700787" />
  <textstyle name="H127W0635TH00762" height="50" strokewidth="3" charwidth="25" />
  <textstyle name="H15W15TH02" height="59.0551181102362" strokewidth="7.8740157480315" charwidth="59.0551181102362" />
  <padstyle name="c180_h120" surface="False" plated="True" isvia="False" nopaste="True" nomask="True" complex="False" holesize="47.244094488188">
    <padshape layer="TOP" shape="round" width="70.866141732283" height="70.866141732283" />
    <padshape layer="TOP_SOLDER_MASK" shape="round" width="78.740157480314" height="78.740157480314" />
    <padshape layer="INNER" shape="round" width="70.866141732283" height="70.866141732283" />
    <padshape layer="BOTTOM" shape="round" width="70.866141732283" height="70.866141732283" />
    <padshape layer="BOTTOM_SOLDER_MASK" shape="round" width="78.740157480314" height="78.740157480314" />
  </padstyle>
  <padstyle name="c510_h340" surface="False" plated="True" isvia="False" nopaste="True" nomask="True" complex="False" holesize="133.85826771653">
    <padshape layer="TOP" shape="round" width="200.7874015748" height="200.7874015748" />
    <padshape layer="TOP_SOLDER_MASK" shape="round" width="208.66141732283" height="208.66141732283" />
    <padshape layer="INNER" shape="round" width="200.7874015748" height="200.7874015748" />
    <padshape layer="BOTTOM" shape="round" width="200.7874015748" height="200.7874015748" />
    <padshape layer="BOTTOM_SOLDER_MASK" shape="round" width="208.66141732283" height="208.66141732283" />
  </padstyle>
  <footprint name="LCD20x4Y" originx="0" originy="0" pickpointx="0" pickpointy="0">
    <pcbpin number="1" name="1" style="c180_h120" originx="0" originy="0" rotation="90" />
    <pcbpin number="2" name="2" style="c180_h120" originx="99.999999999999" originy="0" rotation="90" />
    <pcbpin number="3" name="3" style="c180_h120" originx="200" originy="0" rotation="90" />
    <pcbpin number="4" name="4" style="c180_h120" originx="300" originy="0" rotation="90" />
    <pcbpin number="5" name="5" style="c180_h120" originx="400" originy="0" rotation="90" />
    <pcbpin number="6" name="6" style="c180_h120" originx="499.99999999999" originy="0" rotation="90" />
    <pcbpin number="7" name="7" style="c180_h120" originx="599.99999999999" originy="0" rotation="90" />
    <pcbpin number="8" name="8" style="c180_h120" originx="699.99999999999" originy="0" rotation="90" />
    <pcbpin number="9" name="9" style="c180_h120" originx="799.99999999999" originy="0" rotation="90" />
    <pcbpin number="10" name="10" style="c180_h120" originx="899.99999999999" originy="0" rotation="90" />
    <pcbpin number="11" name="11" style="c180_h120" originx="999.99999999999" originy="0" rotation="90" />
    <pcbpin number="12" name="12" style="c180_h120" originx="1100" originy="0" rotation="90" />
    <pcbpin number="13" name="13" style="c180_h120" originx="1200" originy="0" rotation="90" />
    <pcbpin number="14" name="14" style="c180_h120" originx="1300" originy="0" rotation="90" />
    <pcbpin number="15" name="15" style="c180_h120" originx="1400" originy="0" rotation="90" />
    <pcbpin number="16" name="16" style="c180_h120" originx="1500" originy="0" rotation="90" />
    <pcbpin number="17" name="MH1" style="c510_h340" originx="-295.27559055118" originy="1.5748031496063" rotation="90" />
    <pcbpin number="18" name="MH2" style="c510_h340" originx="3366.1417322834" originy="1.5748031496063" rotation="90" />
    <pcbpin number="19" name="MH3" style="c510_h340" originx="3366.1417322834" originy="-2163.779527559" rotation="90" />
    <pcbpin number="20" name="MH4" style="c510_h340" originx="-295.27559055118" originy="-2163.779527559" rotation="90" />
    <line layer="TOP_ASSEMBLY" originx="-393.70078740157" originy="-2262.2047244094" endx="3464.5669291338" endy="-2262.2047244094" width="7.8740157480314" />
    <line layer="TOP_ASSEMBLY" originx="3464.5669291338" originy="-2262.2047244094" endx="3464.5669291338" endy="99.999999999999" width="7.8740157480314" />
    <line layer="TOP_ASSEMBLY" originx="3464.5669291338" originy="99.999999999999" endx="-393.70078740157" endy="99.999999999999" width="7.8740157480314" />
    <line layer="TOP_ASSEMBLY" originx="-393.70078740157" originy="99.999999999999" endx="-393.70078740157" endy="-2262.2047244094" width="7.8740157480314" />
    <line layer="TOP_SILKSCREEN" originx="-177.16535433071" originy="99.999999999999" endx="3238.1889763779" endy="99.999999999999" width="3.9370078740157" />
    <line layer="TOP_SILKSCREEN" originx="3238.1889763779" originy="99.999999999999" endx="3238.1889763779" endy="99.999999999999" width="3.9370078740157" />
    <line layer="TOP_SILKSCREEN" originx="3238.1889763779" originy="99.999999999999" endx="-177.16535433071" endy="99.999999999999" width="3.9370078740157" />
    <line layer="TOP_SILKSCREEN" originx="-177.16535433071" originy="99.999999999999" endx="-177.16535433071" endy="99.999999999999" width="3.9370078740157" />
    <line layer="TOP_SILKSCREEN" originx="3248.031496063" originy="-2262.2047244094" endx="-177.16535433071" endy="-2262.2047244094" width="3.9370078740157" />
    <line layer="TOP_SILKSCREEN" originx="-177.16535433071" originy="-2262.2047244094" endx="-177.16535433071" endy="-2262.2047244094" width="3.9370078740157" />
    <line layer="TOP_SILKSCREEN" originx="-177.16535433071" originy="-2262.2047244094" endx="3248.031496063" endy="-2262.2047244094" width="3.9370078740157" />
    <line layer="TOP_SILKSCREEN" originx="3248.031496063" originy="-2262.2047244094" endx="3248.031496063" endy="-2262.2047244094" width="3.9370078740157" />
    <line layer="TOP_PLACE_BOUND" originx="-435.03937007873" originy="177.16535433071" endx="3505.905511811" endy="177.16535433071" width="3.9370078740157" />
    <line layer="TOP_PLACE_BOUND" originx="3505.905511811" originy="177.16535433071" endx="3505.905511811" endy="-2303.5433070866" width="3.9370078740157" />
    <line layer="TOP_PLACE_BOUND" originx="3505.905511811" originy="-2303.5433070866" endx="-435.03937007873" endy="-2303.5433070866" width="3.9370078740157" />
    <line layer="TOP_PLACE_BOUND" originx="-435.03937007873" originy="-2303.5433070866" endx="-435.03937007873" endy="177.16535433071" width="3.9370078740157" />
    <line layer="TOP_SILKSCREEN" originx="3464.5669291338" originy="-116.53543307086" endx="3464.5669291338" endy="-116.53543307086" width="3.9370078740157" />
    <line layer="TOP_SILKSCREEN" originx="3464.5669291338" originy="-116.53543307086" endx="3464.5669291338" endy="-2045.6692913386" width="3.9370078740157" />
    <line layer="TOP_SILKSCREEN" originx="3464.5669291338" originy="-2045.6692913386" endx="3464.5669291338" endy="-2045.6692913386" width="3.9370078740157" />
    <line layer="TOP_SILKSCREEN" originx="3464.5669291338" originy="-2045.6692913386" endx="3464.5669291338" endy="-116.53543307086" width="3.9370078740157" />
    <line layer="TOP_SILKSCREEN" originx="-393.70078740157" originy="-2045.6692913386" endx="-393.70078740157" endy="-2045.6692913386" width="3.9370078740157" />
    <line layer="TOP_SILKSCREEN" originx="-393.70078740157" originy="-2045.6692913386" endx="-393.70078740157" endy="-126.3779527559" width="3.9370078740157" />
    <line layer="TOP_SILKSCREEN" originx="-393.70078740157" originy="-126.3779527559" endx="-393.70078740157" endy="-126.3779527559" width="3.9370078740157" />
    <line layer="TOP_SILKSCREEN" originx="-393.70078740157" originy="-126.3779527559" endx="-393.70078740157" endy="-2045.6692913386" width="3.9370078740157" />
    <line layer="TOP_SILKSCREEN" originx="0" originy="137.79527559055" endx="0" endy="137.79527559055" width="7.8740157480314" />
    <arc layer="TOP_SILKSCREEN" originx="1.6391087961985E-15" originy="135.82677165354" startangle="90.0" sweepangle="180.0" radius="1.9685039370079" width="7.8740157480314" />
    <line layer="TOP_SILKSCREEN" originx="0" originy="133.85826771653" endx="0" endy="133.85826771653" width="7.8740157480314" />
    <arc layer="TOP_SILKSCREEN" originx="1.6391087961985E-15" originy="135.82677165354" startangle="-90.0" sweepangle="180.0" radius="1.9685039370079" width="7.8740157480314" />
    <line layer="TOP_SILKSCREEN" originx="0" originy="137.79527559055" endx="0" endy="137.79527559055" width="7.8740157480314" />
    <arc layer="TOP_SILKSCREEN" originx="1.6391087961985E-15" originy="135.82677165354" startangle="90.0" sweepangle="180.0" radius="1.9685039370079" width="7.8740157480314" />
  </footprint>
  <symbol name="LCD-20X4Y" originx="0" originy="0">
    <line originx="200" originy="100" endx="800" endy="100" width="0" />
    <line originx="800" originy="-1000" endx="800" endy="100" width="0" />
    <line originx="800" originy="-1000" endx="200" endy="-1000" width="0" />
    <line originx="200" originy="100" endx="200" endy="-1000" width="0" />
    <sympin number="1" originx="200" originy="0" rotation="180" length="100" width="7.8740157480315" flipped="False">
      <text name="pinname" originx="230" originy="0" style="Default" rotation="0" justify="left" flipped="False" hidden="False" data="VSS" />
      <text name="pindes" originx="140" originy="20" style="Default" rotation="0" justify="lowerright" flipped="False" hidden="False" data="1" />
    </sympin>
    <sympin number="2" originx="200" originy="-100" rotation="180" length="100" width="7.8740157480315" flipped="False">
      <text name="pinname" originx="230" originy="-100" style="Default" rotation="0" justify="left" flipped="False" hidden="False" data="VDD" />
      <text name="pindes" originx="140" originy="-80" style="Default" rotation="0" justify="lowerright" flipped="False" hidden="False" data="2" />
    </sympin>
    <sympin number="3" originx="200" originy="-200" rotation="180" length="100" width="7.8740157480315" flipped="False">
      <text name="pinname" originx="230" originy="-200" style="Default" rotation="0" justify="left" flipped="False" hidden="False" data="V0" />
      <text name="pindes" originx="140" originy="-180" style="Default" rotation="0" justify="lowerright" flipped="False" hidden="False" data="3" />
    </sympin>
    <sympin number="4" originx="200" originy="-300" rotation="180" length="100" width="7.8740157480315" flipped="False">
      <text name="pinname" originx="230" originy="-300" style="Default" rotation="0" justify="left" flipped="False" hidden="False" data="RS" />
      <text name="pindes" originx="140" originy="-280" style="Default" rotation="0" justify="lowerright" flipped="False" hidden="False" data="4" />
    </sympin>
    <sympin number="5" originx="200" originy="-400" rotation="180" length="100" width="7.8740157480315" flipped="False">
      <text name="pinname" originx="230" originy="-400" style="Default" rotation="0" justify="left" flipped="False" hidden="False" data="R/W" />
      <text name="pindes" originx="140" originy="-380" style="Default" rotation="0" justify="lowerright" flipped="False" hidden="False" data="5" />
    </sympin>
    <sympin number="6" originx="200" originy="-500" rotation="180" length="100" width="7.8740157480315" flipped="False">
      <text name="pinname" originx="230" originy="-500" style="Default" rotation="0" justify="left" flipped="False" hidden="False" data="E" />
      <text name="pindes" originx="140" originy="-480" style="Default" rotation="0" justify="lowerright" flipped="False" hidden="False" data="6" />
    </sympin>
    <sympin number="7" originx="200" originy="-600" rotation="180" length="100" width="7.8740157480315" flipped="False">
      <text name="pinname" originx="230" originy="-600" style="Default" rotation="0" justify="left" flipped="False" hidden="False" data="DB0" />
      <text name="pindes" originx="140" originy="-580" style="Default" rotation="0" justify="lowerright" flipped="False" hidden="False" data="7" />
    </sympin>
    <sympin number="8" originx="200" originy="-700" rotation="180" length="100" width="7.8740157480315" flipped="False">
      <text name="pinname" originx="230" originy="-700" style="Default" rotation="0" justify="left" flipped="False" hidden="False" data="DB1" />
      <text name="pindes" originx="140" originy="-680" style="Default" rotation="0" justify="lowerright" flipped="False" hidden="False" data="8" />
    </sympin>
    <sympin number="9" originx="200" originy="-800" rotation="180" length="100" width="7.8740157480315" flipped="False">
      <text name="pinname" originx="230" originy="-800" style="Default" rotation="0" justify="left" flipped="False" hidden="False" data="DB2" />
      <text name="pindes" originx="140" originy="-780" style="Default" rotation="0" justify="lowerright" flipped="False" hidden="False" data="9" />
    </sympin>
    <sympin number="10" originx="200" originy="-900" rotation="180" length="100" width="7.8740157480315" flipped="False">
      <text name="pinname" originx="230" originy="-900" style="Default" rotation="0" justify="left" flipped="False" hidden="False" data="DB3" />
      <text name="pindes" originx="140" originy="-880" style="Default" rotation="0" justify="lowerright" flipped="False" hidden="False" data="10" />
    </sympin>
    <sympin number="11" originx="800" originy="0" rotation="0" length="100" width="7.8740157480315" flipped="False">
      <text name="pinname" originx="770" originy="0" style="Default" rotation="0" justify="right" flipped="False" hidden="False" data="DB4" />
      <text name="pindes" originx="860" originy="20" style="Default" rotation="0" justify="lowerleft" flipped="False" hidden="False" data="11" />
    </sympin>
    <sympin number="12" originx="800" originy="-100" rotation="0" length="100" width="7.8740157480315" flipped="False">
      <text name="pinname" originx="770" originy="-100" style="Default" rotation="0" justify="right" flipped="False" hidden="False" data="DB5" />
      <text name="pindes" originx="860" originy="-80" style="Default" rotation="0" justify="lowerleft" flipped="False" hidden="False" data="12" />
    </sympin>
    <sympin number="13" originx="800" originy="-200" rotation="0" length="100" width="7.8740157480315" flipped="False">
      <text name="pinname" originx="770" originy="-200" style="Default" rotation="0" justify="right" flipped="False" hidden="False" data="DB6" />
      <text name="pindes" originx="860" originy="-180" style="Default" rotation="0" justify="lowerleft" flipped="False" hidden="False" data="13" />
    </sympin>
    <sympin number="14" originx="800" originy="-300" rotation="0" length="100" width="7.8740157480315" flipped="False">
      <text name="pinname" originx="770" originy="-300" style="Default" rotation="0" justify="right" flipped="False" hidden="False" data="DB7" />
      <text name="pindes" originx="860" originy="-280" style="Default" rotation="0" justify="lowerleft" flipped="False" hidden="False" data="14" />
    </sympin>
    <sympin number="15" originx="800" originy="-400" rotation="0" length="100" width="7.8740157480315" flipped="False">
      <text name="pinname" originx="770" originy="-400" style="Default" rotation="0" justify="right" flipped="False" hidden="False" data="A" />
      <text name="pindes" originx="860" originy="-380" style="Default" rotation="0" justify="lowerleft" flipped="False" hidden="False" data="15" />
    </sympin>
    <sympin number="16" originx="800" originy="-500" rotation="0" length="100" width="7.8740157480315" flipped="False">
      <text name="pinname" originx="770" originy="-500" style="Default" rotation="0" justify="right" flipped="False" hidden="False" data="K" />
      <text name="pindes" originx="860" originy="-480" style="Default" rotation="0" justify="lowerleft" flipped="False" hidden="False" data="16" />
    </sympin>
    <sympin number="17" originx="800" originy="-600" rotation="0" length="100" width="7.8740157480315" flipped="False">
      <text name="pinname" originx="770" originy="-600" style="Default" rotation="0" justify="right" flipped="False" hidden="False" data="MH1" />
      <text name="pindes" originx="860" originy="-580" style="Default" rotation="0" justify="lowerleft" flipped="False" hidden="False" data="MH1" />
    </sympin>
    <sympin number="18" originx="800" originy="-700" rotation="0" length="100" width="7.8740157480315" flipped="False">
      <text name="pinname" originx="770" originy="-700" style="Default" rotation="0" justify="right" flipped="False" hidden="False" data="MH2" />
      <text name="pindes" originx="860" originy="-680" style="Default" rotation="0" justify="lowerleft" flipped="False" hidden="False" data="MH2" />
    </sympin>
    <sympin number="19" originx="800" originy="-800" rotation="0" length="100" width="7.8740157480315" flipped="False">
      <text name="pinname" originx="770" originy="-800" style="Default" rotation="0" justify="right" flipped="False" hidden="False" data="MH3" />
      <text name="pindes" originx="860" originy="-780" style="Default" rotation="0" justify="lowerleft" flipped="False" hidden="False" data="MH3" />
    </sympin>
    <sympin number="20" originx="800" originy="-900" rotation="0" length="100" width="7.8740157480315" flipped="False">
      <text name="pinname" originx="770" originy="-900" style="Default" rotation="0" justify="right" flipped="False" hidden="False" data="MH4" />
      <text name="pindes" originx="860" originy="-880" style="Default" rotation="0" justify="lowerleft" flipped="False" hidden="False" data="MH4" />
    </sympin>
  </symbol>
  <component name="LCD-20X4Y" designatorprefix="DS" height="551.1811023622" footprint="LCD20x4Y">
    <comppin designator="1" sympin="1" pinswap="0" gateswap="0" gate="1" group="1" side="" type="Any" name="VSS" />
    <comppin designator="2" sympin="2" pinswap="0" gateswap="0" gate="1" group="1" side="" type="Any" name="VDD" />
    <comppin designator="3" sympin="3" pinswap="0" gateswap="0" gate="1" group="1" side="" type="Any" name="V0" />
    <comppin designator="4" sympin="4" pinswap="0" gateswap="0" gate="1" group="1" side="" type="Any" name="RS" />
    <comppin designator="5" sympin="5" pinswap="0" gateswap="0" gate="1" group="1" side="" type="Any" name="R/W" />
    <comppin designator="6" sympin="6" pinswap="0" gateswap="0" gate="1" group="1" side="" type="Any" name="E" />
    <comppin designator="7" sympin="7" pinswap="0" gateswap="0" gate="1" group="1" side="" type="Any" name="DB0" />
    <comppin designator="8" sympin="8" pinswap="0" gateswap="0" gate="1" group="1" side="" type="Any" name="DB1" />
    <comppin designator="9" sympin="9" pinswap="0" gateswap="0" gate="1" group="1" side="" type="Any" name="DB2" />
    <comppin designator="10" sympin="10" pinswap="0" gateswap="0" gate="1" group="1" side="" type="Any" name="DB3" />
    <comppin designator="11" sympin="11" pinswap="0" gateswap="0" gate="1" group="1" side="" type="Any" name="DB4" />
    <comppin designator="12" sympin="12" pinswap="0" gateswap="0" gate="1" group="1" side="" type="Any" name="DB5" />
    <comppin designator="13" sympin="13" pinswap="0" gateswap="0" gate="1" group="1" side="" type="Any" name="DB6" />
    <comppin designator="14" sympin="14" pinswap="0" gateswap="0" gate="1" group="1" side="" type="Any" name="DB7" />
    <comppin designator="15" sympin="15" pinswap="0" gateswap="0" gate="1" group="1" side="" type="Any" name="A" />
    <comppin designator="16" sympin="16" pinswap="0" gateswap="0" gate="1" group="1" side="" type="Any" name="K" />
    <comppin designator="MH1" sympin="17" pinswap="0" gateswap="0" gate="1" group="1" side="" type="Any" name="MH1" />
    <comppin designator="MH2" sympin="18" pinswap="0" gateswap="0" gate="1" group="1" side="" type="Any" name="MH2" />
    <comppin designator="MH3" sympin="19" pinswap="0" gateswap="0" gate="1" group="1" side="" type="Any" name="MH3" />
    <comppin designator="MH4" sympin="20" pinswap="0" gateswap="0" gate="1" group="1" side="" type="Any" name="MH4" />
    <attached_symbol gate="1" name="LCD-20X4Y" />
    <pinmap designator="1" footprintpin="1" />
    <pinmap designator="2" footprintpin="2" />
    <pinmap designator="3" footprintpin="3" />
    <pinmap designator="4" footprintpin="4" />
    <pinmap designator="5" footprintpin="5" />
    <pinmap designator="6" footprintpin="6" />
    <pinmap designator="7" footprintpin="7" />
    <pinmap designator="8" footprintpin="8" />
    <pinmap designator="9" footprintpin="9" />
    <pinmap designator="10" footprintpin="10" />
    <pinmap designator="11" footprintpin="11" />
    <pinmap designator="12" footprintpin="12" />
    <pinmap designator="13" footprintpin="13" />
    <pinmap designator="14" footprintpin="14" />
    <pinmap designator="15" footprintpin="15" />
    <pinmap designator="16" footprintpin="16" />
    <pinmap designator="MH1" footprintpin="17" />
    <pinmap designator="MH2" footprintpin="18" />
    <pinmap designator="MH3" footprintpin="19" />
    <pinmap designator="MH4" footprintpin="20" />
    <text name="Datasheet" originx="0" originy="0" style="Default" rotation="0" justify="" flipped="False" hidden="True" data="https://componentsearchengine.com/Datasheets/1/LCD-20x4Y.pdf" />
    <text name="Description" originx="0" originy="0" style="Default" rotation="0" justify="" flipped="False" hidden="True" data="LCD Character Display Modules &amp; Accessories 20X4 CHARCTR YW/GRN LCD W/BACKLIGHT" />
    <text name="Mouser Part Number" originx="0" originy="0" style="Default" rotation="0" justify="" flipped="False" hidden="True" data="992-LCD-20X4Y" />
    <text name="Mouser Price/Stock" originx="0" originy="0" style="Default" rotation="0" justify="" flipped="False" hidden="True" data="https://www.mouser.co.uk/ProductDetail/Gravitech/LCD-20x4Y?qs=Vxac6xGyzPnjZjlBU%2FMUhQ%3D%3D" />
    <text name="Manufacturer_Name" originx="0" originy="0" style="Default" rotation="0" justify="" flipped="False" hidden="True" data="Gravitech" />
    <text name="Manufacturer_Part_Number" originx="850" originy="200" style="Default" rotation="0" justify="left" flipped="False" hidden="False" data="LCD-20x4Y" />
  </component>
</quadcept_library>
