<?xml version="1.0" encoding="utf-8"?>
<!--/911117/647103/2.49/18/4/Relay or Contactor/-->
<quadcept_library>
  <setting unit="mil" />
  <textstyle name="Default" height="47.244094488189" strokewidth="7.8740157480315" charwidth="47.244094488189" />
  <textstyle name="Dimension" height="19.6850393700787" strokewidth="0" charwidth="19.6850393700787" />
  <textstyle name="H127W0635TH00762" height="50" strokewidth="3" charwidth="25" />
  <textstyle name="H15W15TH02" height="59.0551181102362" strokewidth="7.8740157480315" charwidth="59.0551181102362" />
  <padstyle name="r248_70" surface="True" plated="False" isvia="False" nopaste="False" nomask="True" complex="False" holesize="0">
    <padshape layer="TOP" shape="rectangle" width="27.55905511811" height="97.637795275589" />
    <padshape layer="TOP_SOLDER_MASK" shape="rectangle" width="35.433070866141" height="105.51181102362" />
    <padshape layer="TOP_SOLDER_PASTE" shape="rectangle" width="27.55905511811" height="97.637795275589" />
  </padstyle>
  <footprint name="G6K2FRFVDC12" originx="0" originy="0" pickpointx="0" pickpointy="0">
    <pcbpin number="1" name="1" style="r248_70" originx="-150" originy="-132.28346456693" rotation="0" />
    <pcbpin number="2" name="2" style="r248_70" originx="-49.999999999999" originy="-132.28346456693" rotation="0" />
    <pcbpin number="3" name="3" style="r248_70" originx="49.999999999999" originy="-132.28346456693" rotation="0" />
    <pcbpin number="4" name="4" style="r248_70" originx="150" originy="-132.28346456693" rotation="0" />
    <pcbpin number="5" name="5" style="r248_70" originx="150" originy="132.28346456693" rotation="0" />
    <pcbpin number="6" name="6" style="r248_70" originx="49.999999999999" originy="132.28346456693" rotation="0" />
    <pcbpin number="7" name="7" style="r248_70" originx="-49.999999999999" originy="132.28346456693" rotation="0" />
    <pcbpin number="8" name="8" style="r248_70" originx="-150" originy="132.28346456693" rotation="0" />
    <pcbpin number="9" name="G1" style="r248_70" originx="-200" originy="-132.28346456693" rotation="0" />
    <pcbpin number="10" name="G2" style="r248_70" originx="-99.999999999999" originy="-132.28346456693" rotation="0" />
    <pcbpin number="11" name="G3" style="r248_70" originx="0" originy="-132.28346456693" rotation="0" />
    <pcbpin number="12" name="G4" style="r248_70" originx="99.999999999999" originy="-132.28346456693" rotation="0" />
    <pcbpin number="13" name="G5" style="r248_70" originx="200" originy="-132.28346456693" rotation="0" />
    <pcbpin number="14" name="G6" style="r248_70" originx="200" originy="132.28346456693" rotation="0" />
    <pcbpin number="15" name="G7" style="r248_70" originx="99.999999999999" originy="132.28346456693" rotation="0" />
    <pcbpin number="16" name="G8" style="r248_70" originx="0" originy="132.28346456693" rotation="0" />
    <pcbpin number="17" name="G9" style="r248_70" originx="-99.999999999999" originy="132.28346456693" rotation="0" />
    <pcbpin number="18" name="G10" style="r248_70" originx="-200" originy="132.28346456693" rotation="0" />
    <line layer="TOP_ASSEMBLY" originx="-230.31496062992" originy="-155.51181102362" endx="230.31496062992" endy="-155.51181102362" width="7.8740157480314" />
    <line layer="TOP_ASSEMBLY" originx="230.31496062992" originy="-155.51181102362" endx="230.31496062992" endy="155.51181102362" width="7.8740157480314" />
    <line layer="TOP_ASSEMBLY" originx="230.31496062992" originy="155.51181102362" endx="-230.31496062992" endy="155.51181102362" width="7.8740157480314" />
    <line layer="TOP_ASSEMBLY" originx="-230.31496062992" originy="155.51181102362" endx="-230.31496062992" endy="-155.51181102362" width="7.8740157480314" />
    <line layer="TOP_SILKSCREEN" originx="-230.31496062992" originy="155.51181102362" endx="-230.31496062992" endy="155.51181102362" width="3.9370078740157" />
    <line layer="TOP_SILKSCREEN" originx="-230.31496062992" originy="155.51181102362" endx="-230.31496062992" endy="-155.51181102362" width="3.9370078740157" />
    <line layer="TOP_SILKSCREEN" originx="-230.31496062992" originy="-155.51181102362" endx="-230.31496062992" endy="-155.51181102362" width="3.9370078740157" />
    <line layer="TOP_SILKSCREEN" originx="-230.31496062992" originy="-155.51181102362" endx="-230.31496062992" endy="155.51181102362" width="3.9370078740157" />
    <line layer="TOP_SILKSCREEN" originx="230.31496062992" originy="155.51181102362" endx="230.31496062992" endy="155.51181102362" width="3.9370078740157" />
    <line layer="TOP_SILKSCREEN" originx="230.31496062992" originy="155.51181102362" endx="230.31496062992" endy="-155.51181102362" width="3.9370078740157" />
    <line layer="TOP_SILKSCREEN" originx="230.31496062992" originy="-155.51181102362" endx="230.31496062992" endy="-155.51181102362" width="3.9370078740157" />
    <line layer="TOP_SILKSCREEN" originx="230.31496062992" originy="-155.51181102362" endx="230.31496062992" endy="155.51181102362" width="3.9370078740157" />
    <line layer="TOP_PLACE_BOUND" originx="-269.68503937008" originy="220.47244094488" endx="269.68503937008" endy="220.47244094488" width="3.9370078740157" />
    <line layer="TOP_PLACE_BOUND" originx="269.68503937008" originy="220.47244094488" endx="269.68503937008" endy="-238.18897637795" width="3.9370078740157" />
    <line layer="TOP_PLACE_BOUND" originx="269.68503937008" originy="-238.18897637795" endx="-269.68503937008" endy="-238.18897637795" width="3.9370078740157" />
    <line layer="TOP_PLACE_BOUND" originx="-269.68503937008" originy="-238.18897637795" endx="-269.68503937008" endy="220.47244094488" width="3.9370078740157" />
    <line layer="TOP_SILKSCREEN" originx="-153.54330708661" originy="-196.85039370078" endx="-153.54330708661" endy="-196.85039370078" width="7.8740157480314" />
    <arc layer="TOP_SILKSCREEN" originx="-151.5748031496" originy="-196.85039370078" startangle="180.0" sweepangle="180.0" radius="1.9685039370078" width="7.8740157480314" />
    <line layer="TOP_SILKSCREEN" originx="-149.6062992126" originy="-196.85039370078" endx="-149.6062992126" endy="-196.85039370078" width="7.8740157480314" />
    <arc layer="TOP_SILKSCREEN" originx="-151.5748031496" originy="-196.85039370078" startangle=".0" sweepangle="180.0" radius="1.9685039370078" width="7.8740157480314" />
    <line layer="TOP_SILKSCREEN" originx="-153.54330708661" originy="-196.85039370078" endx="-153.54330708661" endy="-196.85039370078" width="7.8740157480314" />
    <arc layer="TOP_SILKSCREEN" originx="-151.5748031496" originy="-196.85039370078" startangle="180.0" sweepangle="180.0" radius="1.9685039370078" width="7.8740157480314" />
  </footprint>
  <symbol name="G6K-2F-RF-V_DC12" originx="0" originy="0">
    <line originx="200" originy="100" endx="1300" endy="100" width="0" />
    <line originx="1300" originy="-900" endx="1300" endy="100" width="0" />
    <line originx="1300" originy="-900" endx="200" endy="-900" width="0" />
    <line originx="200" originy="100" endx="200" endy="-900" width="0" />
    <sympin number="1" originx="200" originy="-100" rotation="180" length="100" width="7.8740157480315" flipped="False">
      <text name="pinname" originx="230" originy="-100" style="Default" rotation="0" justify="left" flipped="False" hidden="False" data="+" />
      <text name="pindes" originx="140" originy="-80" style="Default" rotation="0" justify="lowerright" flipped="False" hidden="False" data="1" />
    </sympin>
    <sympin number="2" originx="200" originy="-300" rotation="180" length="100" width="7.8740157480315" flipped="False">
      <text name="pinname" originx="230" originy="-300" style="Default" rotation="0" justify="left" flipped="False" hidden="False" data="NC_1" />
      <text name="pindes" originx="140" originy="-280" style="Default" rotation="0" justify="lowerright" flipped="False" hidden="False" data="2" />
    </sympin>
    <sympin number="3" originx="200" originy="-500" rotation="180" length="100" width="7.8740157480315" flipped="False">
      <text name="pinname" originx="230" originy="-500" style="Default" rotation="0" justify="left" flipped="False" hidden="False" data="COMMON_1" />
      <text name="pindes" originx="140" originy="-480" style="Default" rotation="0" justify="lowerright" flipped="False" hidden="False" data="3" />
    </sympin>
    <sympin number="4" originx="200" originy="-700" rotation="180" length="100" width="7.8740157480315" flipped="False">
      <text name="pinname" originx="230" originy="-700" style="Default" rotation="0" justify="left" flipped="False" hidden="False" data="NO_1" />
      <text name="pindes" originx="140" originy="-680" style="Default" rotation="0" justify="lowerright" flipped="False" hidden="False" data="4" />
    </sympin>
    <sympin number="5" originx="1300" originy="-700" rotation="0" length="100" width="7.8740157480315" flipped="False">
      <text name="pinname" originx="1270" originy="-700" style="Default" rotation="0" justify="right" flipped="False" hidden="False" data="NO_2" />
      <text name="pindes" originx="1360" originy="-680" style="Default" rotation="0" justify="lowerleft" flipped="False" hidden="False" data="5" />
    </sympin>
    <sympin number="6" originx="1300" originy="-500" rotation="0" length="100" width="7.8740157480315" flipped="False">
      <text name="pinname" originx="1270" originy="-500" style="Default" rotation="0" justify="right" flipped="False" hidden="False" data="COMMON_2" />
      <text name="pindes" originx="1360" originy="-480" style="Default" rotation="0" justify="lowerleft" flipped="False" hidden="False" data="6" />
    </sympin>
    <sympin number="7" originx="1300" originy="-300" rotation="0" length="100" width="7.8740157480315" flipped="False">
      <text name="pinname" originx="1270" originy="-300" style="Default" rotation="0" justify="right" flipped="False" hidden="False" data="NC_2" />
      <text name="pindes" originx="1360" originy="-280" style="Default" rotation="0" justify="lowerleft" flipped="False" hidden="False" data="7" />
    </sympin>
    <sympin number="8" originx="1300" originy="-100" rotation="0" length="100" width="7.8740157480315" flipped="False">
      <text name="pinname" originx="1270" originy="-100" style="Default" rotation="0" justify="right" flipped="False" hidden="False" data="-" />
      <text name="pindes" originx="1360" originy="-80" style="Default" rotation="0" justify="lowerleft" flipped="False" hidden="False" data="8" />
    </sympin>
    <sympin number="9" originx="200" originy="0" rotation="180" length="100" width="7.8740157480315" flipped="False">
      <text name="pinname" originx="230" originy="0" style="Default" rotation="0" justify="left" flipped="False" hidden="False" data="GND_1" />
      <text name="pindes" originx="140" originy="20" style="Default" rotation="0" justify="lowerright" flipped="False" hidden="False" data="G1" />
    </sympin>
    <sympin number="10" originx="200" originy="-200" rotation="180" length="100" width="7.8740157480315" flipped="False">
      <text name="pinname" originx="230" originy="-200" style="Default" rotation="0" justify="left" flipped="False" hidden="False" data="GND_2" />
      <text name="pindes" originx="140" originy="-180" style="Default" rotation="0" justify="lowerright" flipped="False" hidden="False" data="G2" />
    </sympin>
    <sympin number="11" originx="200" originy="-400" rotation="180" length="100" width="7.8740157480315" flipped="False">
      <text name="pinname" originx="230" originy="-400" style="Default" rotation="0" justify="left" flipped="False" hidden="False" data="GND_3" />
      <text name="pindes" originx="140" originy="-380" style="Default" rotation="0" justify="lowerright" flipped="False" hidden="False" data="G3" />
    </sympin>
    <sympin number="12" originx="200" originy="-600" rotation="180" length="100" width="7.8740157480315" flipped="False">
      <text name="pinname" originx="230" originy="-600" style="Default" rotation="0" justify="left" flipped="False" hidden="False" data="GND_4" />
      <text name="pindes" originx="140" originy="-580" style="Default" rotation="0" justify="lowerright" flipped="False" hidden="False" data="G4" />
    </sympin>
    <sympin number="13" originx="200" originy="-800" rotation="180" length="100" width="7.8740157480315" flipped="False">
      <text name="pinname" originx="230" originy="-800" style="Default" rotation="0" justify="left" flipped="False" hidden="False" data="GND_5" />
      <text name="pindes" originx="140" originy="-780" style="Default" rotation="0" justify="lowerright" flipped="False" hidden="False" data="G5" />
    </sympin>
    <sympin number="14" originx="1300" originy="-800" rotation="0" length="100" width="7.8740157480315" flipped="False">
      <text name="pinname" originx="1270" originy="-800" style="Default" rotation="0" justify="right" flipped="False" hidden="False" data="GND_6" />
      <text name="pindes" originx="1360" originy="-780" style="Default" rotation="0" justify="lowerleft" flipped="False" hidden="False" data="G6" />
    </sympin>
    <sympin number="15" originx="1300" originy="-600" rotation="0" length="100" width="7.8740157480315" flipped="False">
      <text name="pinname" originx="1270" originy="-600" style="Default" rotation="0" justify="right" flipped="False" hidden="False" data="GND_7" />
      <text name="pindes" originx="1360" originy="-580" style="Default" rotation="0" justify="lowerleft" flipped="False" hidden="False" data="G7" />
    </sympin>
    <sympin number="16" originx="1300" originy="-400" rotation="0" length="100" width="7.8740157480315" flipped="False">
      <text name="pinname" originx="1270" originy="-400" style="Default" rotation="0" justify="right" flipped="False" hidden="False" data="GND_8" />
      <text name="pindes" originx="1360" originy="-380" style="Default" rotation="0" justify="lowerleft" flipped="False" hidden="False" data="G8" />
    </sympin>
    <sympin number="17" originx="1300" originy="-200" rotation="0" length="100" width="7.8740157480315" flipped="False">
      <text name="pinname" originx="1270" originy="-200" style="Default" rotation="0" justify="right" flipped="False" hidden="False" data="GND_9" />
      <text name="pindes" originx="1360" originy="-180" style="Default" rotation="0" justify="lowerleft" flipped="False" hidden="False" data="G9" />
    </sympin>
    <sympin number="18" originx="1300" originy="0" rotation="0" length="100" width="7.8740157480315" flipped="False">
      <text name="pinname" originx="1270" originy="0" style="Default" rotation="0" justify="right" flipped="False" hidden="False" data="GND_10" />
      <text name="pindes" originx="1360" originy="20" style="Default" rotation="0" justify="lowerleft" flipped="False" hidden="False" data="G10" />
    </sympin>
  </symbol>
  <component name="G6K-2F-RF-V_DC12" designatorprefix="K" height="283.46456692913" footprint="G6K2FRFVDC12">
    <comppin designator="1" sympin="1" pinswap="0" gateswap="0" gate="1" group="1" side="" type="Any" name="+" />
    <comppin designator="2" sympin="2" pinswap="0" gateswap="0" gate="1" group="1" side="" type="Any" name="NC_1" />
    <comppin designator="3" sympin="3" pinswap="0" gateswap="0" gate="1" group="1" side="" type="Any" name="COMMON_1" />
    <comppin designator="4" sympin="4" pinswap="0" gateswap="0" gate="1" group="1" side="" type="Any" name="NO_1" />
    <comppin designator="5" sympin="5" pinswap="0" gateswap="0" gate="1" group="1" side="" type="Any" name="NO_2" />
    <comppin designator="6" sympin="6" pinswap="0" gateswap="0" gate="1" group="1" side="" type="Any" name="COMMON_2" />
    <comppin designator="7" sympin="7" pinswap="0" gateswap="0" gate="1" group="1" side="" type="Any" name="NC_2" />
    <comppin designator="8" sympin="8" pinswap="0" gateswap="0" gate="1" group="1" side="" type="Any" name="-" />
    <comppin designator="G1" sympin="9" pinswap="0" gateswap="0" gate="1" group="1" side="" type="Any" name="GND_1" />
    <comppin designator="G2" sympin="10" pinswap="0" gateswap="0" gate="1" group="1" side="" type="Any" name="GND_2" />
    <comppin designator="G3" sympin="11" pinswap="0" gateswap="0" gate="1" group="1" side="" type="Any" name="GND_3" />
    <comppin designator="G4" sympin="12" pinswap="0" gateswap="0" gate="1" group="1" side="" type="Any" name="GND_4" />
    <comppin designator="G5" sympin="13" pinswap="0" gateswap="0" gate="1" group="1" side="" type="Any" name="GND_5" />
    <comppin designator="G6" sympin="14" pinswap="0" gateswap="0" gate="1" group="1" side="" type="Any" name="GND_6" />
    <comppin designator="G7" sympin="15" pinswap="0" gateswap="0" gate="1" group="1" side="" type="Any" name="GND_7" />
    <comppin designator="G8" sympin="16" pinswap="0" gateswap="0" gate="1" group="1" side="" type="Any" name="GND_8" />
    <comppin designator="G9" sympin="17" pinswap="0" gateswap="0" gate="1" group="1" side="" type="Any" name="GND_9" />
    <comppin designator="G10" sympin="18" pinswap="0" gateswap="0" gate="1" group="1" side="" type="Any" name="GND_10" />
    <attached_symbol gate="1" name="G6K-2F-RF-V_DC12" />
    <pinmap designator="1" footprintpin="1" />
    <pinmap designator="2" footprintpin="2" />
    <pinmap designator="3" footprintpin="3" />
    <pinmap designator="4" footprintpin="4" />
    <pinmap designator="5" footprintpin="5" />
    <pinmap designator="6" footprintpin="6" />
    <pinmap designator="7" footprintpin="7" />
    <pinmap designator="8" footprintpin="8" />
    <pinmap designator="G1" footprintpin="9" />
    <pinmap designator="G2" footprintpin="10" />
    <pinmap designator="G3" footprintpin="11" />
    <pinmap designator="G4" footprintpin="12" />
    <pinmap designator="G5" footprintpin="13" />
    <pinmap designator="G6" footprintpin="14" />
    <pinmap designator="G7" footprintpin="15" />
    <pinmap designator="G8" footprintpin="16" />
    <pinmap designator="G9" footprintpin="17" />
    <pinmap designator="G10" footprintpin="18" />
    <text name="Datasheet" originx="0" originy="0" style="Default" rotation="0" justify="" flipped="False" hidden="True" data="https://componentsearchengine.com/Datasheets/1/G6K-2F-RF-V DC12.pdf" />
    <text name="Description" originx="0" originy="0" style="Default" rotation="0" justify="" flipped="False" hidden="True" data="G6K-2F-RF-V DC12" />
    <text name="Manufacturer_Name" originx="0" originy="0" style="Default" rotation="0" justify="" flipped="False" hidden="True" data="Omron Electronics" />
    <text name="Manufacturer_Part_Number" originx="1350" originy="200" style="Default" rotation="0" justify="left" flipped="False" hidden="False" data="G6K-2F-RF-V DC12" />
    <text name="Mouser Part Number" originx="0" originy="0" style="Default" rotation="0" justify="" flipped="False" hidden="True" data="653-G6K-2F-RF-VDC12" />
    <text name="Mouser Price/Stock" originx="0" originy="0" style="Default" rotation="0" justify="" flipped="False" hidden="True" data="https://www.mouser.co.uk/ProductDetail/Omron-Electronics/G6K-2F-RF-V-DC12?qs=u4fy%2FsgLU9MTgGaF%2FyL1qA%3D%3D" />
    <text name="Arrow Part Number" originx="0" originy="0" style="Default" rotation="0" justify="" flipped="False" hidden="True" data="G6K-2F-RF-V DC12" />
    <text name="Arrow Price/Stock" originx="0" originy="0" style="Default" rotation="0" justify="" flipped="False" hidden="True" data="https://www.arrow.com/en/products/g6k-2f-rf-vdc12/omron" />
    <text name="Mouser Testing Part Number" originx="0" originy="0" style="Default" rotation="0" justify="" flipped="False" hidden="True" data="" />
    <text name="Mouser Testing Price/Stock" originx="0" originy="0" style="Default" rotation="0" justify="" flipped="False" hidden="True" data="" />
  </component>
</quadcept_library>
