<?xml version="1.0" encoding="utf-8"?>
<!--/2305756/647103/2.49/8/4/Relay or Contactor/-->
<quadcept_library>
  <setting unit="mil" />
  <textstyle name="Default" height="47.244094488189" strokewidth="7.8740157480315" charwidth="47.244094488189" />
  <textstyle name="Dimension" height="19.6850393700787" strokewidth="0" charwidth="19.6850393700787" />
  <textstyle name="H127W0635TH00762" height="50" strokewidth="3" charwidth="25" />
  <textstyle name="H15W15TH02" height="59.0551181102362" strokewidth="7.8740157480315" charwidth="59.0551181102362" />
  <padstyle name="c225_h150" surface="False" plated="True" isvia="False" nopaste="True" nomask="True" complex="False" holesize="59.055118110235">
    <padshape layer="TOP" shape="round" width="88.582677165353" height="88.582677165353" />
    <padshape layer="TOP_SOLDER_MASK" shape="round" width="96.456692913385" height="96.456692913385" />
    <padshape layer="INNER" shape="round" width="88.582677165353" height="88.582677165353" />
    <padshape layer="BOTTOM" shape="round" width="88.582677165353" height="88.582677165353" />
    <padshape layer="BOTTOM_SOLDER_MASK" shape="round" width="96.456692913385" height="96.456692913385" />
  </padstyle>
  <footprint name="ADJ56005" originx="0" originy="0" pickpointx="0" pickpointy="0">
    <pcbpin number="1" name="1" style="c225_h150" originx="0" originy="0" rotation="90" />
    <pcbpin number="2" name="2" style="c225_h150" originx="599.99999999999" originy="0" rotation="90" />
    <pcbpin number="3" name="3" style="c225_h150" originx="799.99999999999" originy="0" rotation="90" />
    <pcbpin number="4" name="4" style="c225_h150" originx="999.99999999999" originy="0" rotation="90" />
    <pcbpin number="5" name="5" style="c225_h150" originx="999.99999999999" originy="400" rotation="90" />
    <pcbpin number="6" name="6" style="c225_h150" originx="799.99999999999" originy="400" rotation="90" />
    <pcbpin number="7" name="7" style="c225_h150" originx="599.99999999999" originy="400" rotation="90" />
    <pcbpin number="8" name="8" style="c225_h150" originx="0" originy="400" rotation="90" />
    <line layer="TOP_ASSEMBLY" originx="-70.866141732283" originy="-55.905511811023" endx="1070.8661417323" endy="-55.905511811023" width="7.8740157480314" />
    <line layer="TOP_ASSEMBLY" originx="1070.8661417323" originy="-55.905511811023" endx="1070.8661417323" endy="455.90551181102" width="7.8740157480314" />
    <line layer="TOP_ASSEMBLY" originx="1070.8661417323" originy="455.90551181102" endx="-70.866141732283" endy="455.90551181102" width="7.8740157480314" />
    <line layer="TOP_ASSEMBLY" originx="-70.866141732283" originy="455.90551181102" endx="-70.866141732283" endy="-55.905511811023" width="7.8740157480314" />
    <line layer="TOP_SILKSCREEN" originx="-70.866141732283" originy="-55.905511811023" endx="1070.8661417323" endy="-55.905511811023" width="3.9370078740157" />
    <line layer="TOP_SILKSCREEN" originx="1070.8661417323" originy="-55.905511811023" endx="1070.8661417323" endy="455.90551181102" width="3.9370078740157" />
    <line layer="TOP_SILKSCREEN" originx="1070.8661417323" originy="455.90551181102" endx="-70.866141732283" endy="455.90551181102" width="3.9370078740157" />
    <line layer="TOP_SILKSCREEN" originx="-70.866141732283" originy="455.90551181102" endx="-70.866141732283" endy="-55.905511811023" width="3.9370078740157" />
    <line layer="TOP_PLACE_BOUND" originx="-177.16535433071" originy="-95.27559055118" endx="1110.2362204724" endy="-95.27559055118" width="3.9370078740157" />
    <line layer="TOP_PLACE_BOUND" originx="1110.2362204724" originy="-95.27559055118" endx="1110.2362204724" endy="495.27559055118" width="3.9370078740157" />
    <line layer="TOP_PLACE_BOUND" originx="1110.2362204724" originy="495.27559055118" endx="-177.16535433071" endy="495.27559055118" width="3.9370078740157" />
    <line layer="TOP_PLACE_BOUND" originx="-177.16535433071" originy="495.27559055118" endx="-177.16535433071" endy="-95.27559055118" width="3.9370078740157" />
    <line layer="TOP_SILKSCREEN" originx="-137.79527559055" originy="0" endx="-137.79527559055" endy="0" width="7.8740157480314" />
    <arc layer="TOP_SILKSCREEN" originx="-141.73228346457" originy="0" startangle="180.0" sweepangle="180.0" radius="-3.9370078740157" width="7.8740157480314" />
    <line layer="TOP_SILKSCREEN" originx="-129.92125984252" originy="0" endx="-129.92125984252" endy="0" width="7.8740157480314" />
    <arc layer="TOP_SILKSCREEN" originx="-141.73228346457" originy="0" startangle=".0" sweepangle="180.0" radius="-3.9370078740157" width="7.8740157480314" />
  </footprint>
  <symbol name="ADJ56005" originx="0" originy="0">
    <line originx="200" originy="100" endx="1000" endy="100" width="0" />
    <line originx="1000" originy="-400" endx="1000" endy="100" width="0" />
    <line originx="1000" originy="-400" endx="200" endy="-400" width="0" />
    <line originx="200" originy="100" endx="200" endy="-400" width="0" />
    <sympin number="1" originx="200" originy="0" rotation="180" length="100" width="7.8740157480315" flipped="False">
      <text name="pinname" originx="230" originy="0" style="Default" rotation="0" justify="left" flipped="False" hidden="False" data="COIL+" />
      <text name="pindes" originx="140" originy="20" style="Default" rotation="0" justify="lowerright" flipped="False" hidden="False" data="1" />
    </sympin>
    <sympin number="2" originx="200" originy="-100" rotation="180" length="100" width="7.8740157480315" flipped="False">
      <text name="pinname" originx="230" originy="-100" style="Default" rotation="0" justify="left" flipped="False" hidden="False" data="NC_1" />
      <text name="pindes" originx="140" originy="-80" style="Default" rotation="0" justify="lowerright" flipped="False" hidden="False" data="2" />
    </sympin>
    <sympin number="3" originx="200" originy="-200" rotation="180" length="100" width="7.8740157480315" flipped="False">
      <text name="pinname" originx="230" originy="-200" style="Default" rotation="0" justify="left" flipped="False" hidden="False" data="NO_1" />
      <text name="pindes" originx="140" originy="-180" style="Default" rotation="0" justify="lowerright" flipped="False" hidden="False" data="3" />
    </sympin>
    <sympin number="4" originx="200" originy="-300" rotation="180" length="100" width="7.8740157480315" flipped="False">
      <text name="pinname" originx="230" originy="-300" style="Default" rotation="0" justify="left" flipped="False" hidden="False" data="COM_1" />
      <text name="pindes" originx="140" originy="-280" style="Default" rotation="0" justify="lowerright" flipped="False" hidden="False" data="4" />
    </sympin>
    <sympin number="5" originx="1000" originy="-300" rotation="0" length="100" width="7.8740157480315" flipped="False">
      <text name="pinname" originx="970" originy="-300" style="Default" rotation="0" justify="right" flipped="False" hidden="False" data="COM_2" />
      <text name="pindes" originx="1060" originy="-280" style="Default" rotation="0" justify="lowerleft" flipped="False" hidden="False" data="5" />
    </sympin>
    <sympin number="6" originx="1000" originy="-200" rotation="0" length="100" width="7.8740157480315" flipped="False">
      <text name="pinname" originx="970" originy="-200" style="Default" rotation="0" justify="right" flipped="False" hidden="False" data="NO_2" />
      <text name="pindes" originx="1060" originy="-180" style="Default" rotation="0" justify="lowerleft" flipped="False" hidden="False" data="6" />
    </sympin>
    <sympin number="7" originx="1000" originy="-100" rotation="0" length="100" width="7.8740157480315" flipped="False">
      <text name="pinname" originx="970" originy="-100" style="Default" rotation="0" justify="right" flipped="False" hidden="False" data="NC_2" />
      <text name="pindes" originx="1060" originy="-80" style="Default" rotation="0" justify="lowerleft" flipped="False" hidden="False" data="7" />
    </sympin>
    <sympin number="8" originx="1000" originy="0" rotation="0" length="100" width="7.8740157480315" flipped="False">
      <text name="pinname" originx="970" originy="0" style="Default" rotation="0" justify="right" flipped="False" hidden="False" data="COIL-" />
      <text name="pindes" originx="1060" originy="20" style="Default" rotation="0" justify="lowerleft" flipped="False" hidden="False" data="8" />
    </sympin>
  </symbol>
  <component name="ADJ56005" designatorprefix="K" height="661.41732283464" footprint="ADJ56005">
    <comppin designator="1" sympin="1" pinswap="0" gateswap="0" gate="1" group="1" side="" type="Any" name="COIL+" />
    <comppin designator="2" sympin="2" pinswap="0" gateswap="0" gate="1" group="1" side="" type="Any" name="NC_1" />
    <comppin designator="3" sympin="3" pinswap="0" gateswap="0" gate="1" group="1" side="" type="Any" name="NO_1" />
    <comppin designator="4" sympin="4" pinswap="0" gateswap="0" gate="1" group="1" side="" type="Any" name="COM_1" />
    <comppin designator="5" sympin="5" pinswap="0" gateswap="0" gate="1" group="1" side="" type="Any" name="COM_2" />
    <comppin designator="6" sympin="6" pinswap="0" gateswap="0" gate="1" group="1" side="" type="Any" name="NO_2" />
    <comppin designator="7" sympin="7" pinswap="0" gateswap="0" gate="1" group="1" side="" type="Any" name="NC_2" />
    <comppin designator="8" sympin="8" pinswap="0" gateswap="0" gate="1" group="1" side="" type="Any" name="COIL-" />
    <attached_symbol gate="1" name="ADJ56005" />
    <pinmap designator="1" footprintpin="1" />
    <pinmap designator="2" footprintpin="2" />
    <pinmap designator="3" footprintpin="3" />
    <pinmap designator="4" footprintpin="4" />
    <pinmap designator="5" footprintpin="5" />
    <pinmap designator="6" footprintpin="6" />
    <pinmap designator="7" footprintpin="7" />
    <pinmap designator="8" footprintpin="8" />
    <text name="Datasheet" originx="0" originy="0" style="Default" rotation="0" justify="" flipped="False" hidden="True" data="https://www.arrow.com/en/products/adj56005/panasonic" />
    <text name="Description" originx="0" originy="0" style="Default" rotation="0" justify="" flipped="False" hidden="True" data="General Purpose Relays 2 Form C, 5VDC Single-Side-Stable" />
    <text name="Manufacturer_Name" originx="0" originy="0" style="Default" rotation="0" justify="" flipped="False" hidden="True" data="Panasonic" />
    <text name="Manufacturer_Part_Number" originx="1050" originy="200" style="Default" rotation="0" justify="left" flipped="False" hidden="False" data="ADJ56005" />
    <text name="Mouser Part Number" originx="0" originy="0" style="Default" rotation="0" justify="" flipped="False" hidden="True" data="769-ADJ56005" />
    <text name="Mouser Price/Stock" originx="0" originy="0" style="Default" rotation="0" justify="" flipped="False" hidden="True" data="https://www.mouser.co.uk/ProductDetail/Panasonic-Industrial-Devices/ADJ56005?qs=K19snyAz2PDLYPJLi5JsPw%3D%3D" />
    <text name="Arrow Part Number" originx="0" originy="0" style="Default" rotation="0" justify="" flipped="False" hidden="True" data="ADJ56005" />
    <text name="Arrow Price/Stock" originx="0" originy="0" style="Default" rotation="0" justify="" flipped="False" hidden="True" data="https://www.arrow.com/en/products/adj56005/panasonic" />
    <text name="Mouser Testing Part Number" originx="0" originy="0" style="Default" rotation="0" justify="" flipped="False" hidden="True" data="" />
    <text name="Mouser Testing Price/Stock" originx="0" originy="0" style="Default" rotation="0" justify="" flipped="False" hidden="True" data="" />
  </component>
</quadcept_library>
