<?xml version="1.0" encoding="utf-8"?>
<!--/15551918/647103/2.49/12/3/Integrated Circuit/-->
<quadcept_library>
  <setting unit="mil" />
  <textstyle name="Default" height="47.244094488189" strokewidth="7.8740157480315" charwidth="47.244094488189" />
  <textstyle name="Dimension" height="19.6850393700787" strokewidth="0" charwidth="19.6850393700787" />
  <textstyle name="H127W0635TH00762" height="50" strokewidth="3" charwidth="25" />
  <textstyle name="H15W15TH02" height="59.0551181102362" strokewidth="7.8740157480315" charwidth="59.0551181102362" />
  <padstyle name="c17.3" surface="True" plated="False" isvia="False" nopaste="False" nomask="True" complex="False" holesize="0">
    <padshape layer="TOP" shape="round" width="6.8110236220472" height="6.8110236220472" />
    <padshape layer="TOP_SOLDER_MASK" shape="round" width="14.685039370079" height="14.685039370079" />
    <padshape layer="TOP_SOLDER_PASTE" shape="round" width="6.8110236220472" height="6.8110236220472" />
  </padstyle>
  <footprint name="BGA12C40P3X4_135X135X35" originx="0" originy="0" pickpointx="0" pickpointy="0">
    <pcbpin number="1" name="A1" style="c17.3" originx="-15.748031496063" originy="23.622047244094" rotation="90" />
    <pcbpin number="2" name="A2" style="c17.3" originx="0" originy="23.622047244094" rotation="90" />
    <pcbpin number="3" name="A3" style="c17.3" originx="15.748031496063" originy="23.622047244094" rotation="90" />
    <pcbpin number="4" name="B1" style="c17.3" originx="-15.748031496063" originy="7.8740157480314" rotation="90" />
    <pcbpin number="5" name="B2" style="c17.3" originx="0" originy="7.8740157480314" rotation="90" />
    <pcbpin number="6" name="B3" style="c17.3" originx="15.748031496063" originy="7.8740157480314" rotation="90" />
    <pcbpin number="7" name="C1" style="c17.3" originx="-15.748031496063" originy="-7.8740157480314" rotation="90" />
    <pcbpin number="8" name="C2" style="c17.3" originx="0" originy="-7.8740157480314" rotation="90" />
    <pcbpin number="9" name="C3" style="c17.3" originx="15.748031496063" originy="-7.8740157480314" rotation="90" />
    <pcbpin number="10" name="D1" style="c17.3" originx="-15.748031496063" originy="-23.622047244094" rotation="90" />
    <pcbpin number="11" name="D2" style="c17.3" originx="0" originy="-23.622047244094" rotation="90" />
    <pcbpin number="12" name="D3" style="c17.3" originx="15.748031496063" originy="-23.622047244094" rotation="90" />
    <line layer="TOP_PLACE_BOUND" originx="-49.803149606299" originy="49.803149606299" endx="49.803149606299" endy="49.803149606299" width="1.9685039370079" />
    <line layer="TOP_PLACE_BOUND" originx="49.803149606299" originy="49.803149606299" endx="49.803149606299" endy="-49.803149606299" width="1.9685039370079" />
    <line layer="TOP_PLACE_BOUND" originx="49.803149606299" originy="-49.803149606299" endx="-49.803149606299" endy="-49.803149606299" width="1.9685039370079" />
    <line layer="TOP_PLACE_BOUND" originx="-49.803149606299" originy="-49.803149606299" endx="-49.803149606299" endy="49.803149606299" width="1.9685039370079" />
    <line layer="TOP_ASSEMBLY" originx="-26.574803149606" originy="26.574803149606" endx="26.574803149606" endy="26.574803149606" width="3.9370078740157" />
    <line layer="TOP_ASSEMBLY" originx="26.574803149606" originy="26.574803149606" endx="26.574803149606" endy="-26.574803149606" width="3.9370078740157" />
    <line layer="TOP_ASSEMBLY" originx="26.574803149606" originy="-26.574803149606" endx="-26.574803149606" endy="-26.574803149606" width="3.9370078740157" />
    <line layer="TOP_ASSEMBLY" originx="-26.574803149606" originy="-26.574803149606" endx="-26.574803149606" endy="26.574803149606" width="3.9370078740157" />
    <line layer="TOP_ASSEMBLY" originx="-26.574803149606" originy="11.496062992126" endx="-11.535433070866" endy="26.535433070866" width="3.9370078740157" />
    <line layer="TOP_SILKSCREEN" originx="-15.748031496063" originy="40.787401574803" endx="32.913385826771" endy="40.787401574803" width="7.8740157480314" />
    <line layer="TOP_SILKSCREEN" originx="32.913385826771" originy="40.787401574803" endx="32.913385826771" endy="-40.826771653543" width="7.8740157480314" />
    <line layer="TOP_SILKSCREEN" originx="32.913385826771" originy="-40.826771653543" endx="-32.952755905511" endy="-40.826771653543" width="7.8740157480314" />
    <line layer="TOP_SILKSCREEN" originx="-32.952755905511" originy="-40.826771653543" endx="-32.952755905511" endy="23.582677165354" width="7.8740157480314" />
    <line layer="TOP_SILKSCREEN" originx="-32.952755905511" originy="23.582677165354" endx="-15.787401574803" endy="40.748031496062" width="7.8740157480314" />
    <arc layer="TOP_SILKSCREEN" originx="-32.913385826771" originy="40.787401574803" startangle="180" sweepangle="180" radius="3.9370078740157" width="7.8740157480314" />
    <arc layer="TOP_SILKSCREEN" originx="-32.913385826771" originy="40.787401574803" startangle="180" sweepangle="-180" radius="3.9370078740157" width="7.8740157480314" />
  </footprint>
  <symbol name="INA2191A4IYBJR" originx="0" originy="0">
    <line originx="200" originy="100" endx="900" endy="100" width="0" />
    <line originx="900" originy="-600" endx="900" endy="100" width="0" />
    <line originx="900" originy="-600" endx="200" endy="-600" width="0" />
    <line originx="200" originy="100" endx="200" endy="-600" width="0" />
    <sympin number="1" originx="200" originy="0" rotation="180" length="100" width="7.8740157480315" flipped="False">
      <text name="pinname" originx="230" originy="0" style="Default" rotation="0" justify="left" flipped="False" hidden="False" data="IN+1" />
      <text name="pindes" originx="140" originy="20" style="Default" rotation="0" justify="lowerright" flipped="False" hidden="False" data="A1" />
    </sympin>
    <sympin number="2" originx="200" originy="-100" rotation="180" length="100" width="7.8740157480315" flipped="False">
      <text name="pinname" originx="230" originy="-100" style="Default" rotation="0" justify="left" flipped="False" hidden="False" data="VS" />
      <text name="pindes" originx="140" originy="-80" style="Default" rotation="0" justify="lowerright" flipped="False" hidden="False" data="A2" />
    </sympin>
    <sympin number="3" originx="200" originy="-200" rotation="180" length="100" width="7.8740157480315" flipped="False">
      <text name="pinname" originx="230" originy="-200" style="Default" rotation="0" justify="left" flipped="False" hidden="False" data="OUT1" />
      <text name="pindes" originx="140" originy="-180" style="Default" rotation="0" justify="lowerright" flipped="False" hidden="False" data="A3" />
    </sympin>
    <sympin number="4" originx="200" originy="-300" rotation="180" length="100" width="7.8740157480315" flipped="False">
      <text name="pinname" originx="230" originy="-300" style="Default" rotation="0" justify="left" flipped="False" hidden="False" data="IN-1" />
      <text name="pindes" originx="140" originy="-280" style="Default" rotation="0" justify="lowerright" flipped="False" hidden="False" data="B1" />
    </sympin>
    <sympin number="5" originx="200" originy="-400" rotation="180" length="100" width="7.8740157480315" flipped="False">
      <text name="pinname" originx="230" originy="-400" style="Default" rotation="0" justify="left" flipped="False" hidden="False" data="EN1" />
      <text name="pindes" originx="140" originy="-380" style="Default" rotation="0" justify="lowerright" flipped="False" hidden="False" data="B2" />
    </sympin>
    <sympin number="6" originx="200" originy="-500" rotation="180" length="100" width="7.8740157480315" flipped="False">
      <text name="pinname" originx="230" originy="-500" style="Default" rotation="0" justify="left" flipped="False" hidden="False" data="REF1" />
      <text name="pindes" originx="140" originy="-480" style="Default" rotation="0" justify="lowerright" flipped="False" hidden="False" data="B3" />
    </sympin>
    <sympin number="7" originx="900" originy="0" rotation="0" length="100" width="7.8740157480315" flipped="False">
      <text name="pinname" originx="870" originy="0" style="Default" rotation="0" justify="right" flipped="False" hidden="False" data="IN-2" />
      <text name="pindes" originx="960" originy="20" style="Default" rotation="0" justify="lowerleft" flipped="False" hidden="False" data="C1" />
    </sympin>
    <sympin number="8" originx="900" originy="-100" rotation="0" length="100" width="7.8740157480315" flipped="False">
      <text name="pinname" originx="870" originy="-100" style="Default" rotation="0" justify="right" flipped="False" hidden="False" data="EN2" />
      <text name="pindes" originx="960" originy="-80" style="Default" rotation="0" justify="lowerleft" flipped="False" hidden="False" data="C2" />
    </sympin>
    <sympin number="9" originx="900" originy="-200" rotation="0" length="100" width="7.8740157480315" flipped="False">
      <text name="pinname" originx="870" originy="-200" style="Default" rotation="0" justify="right" flipped="False" hidden="False" data="REF2" />
      <text name="pindes" originx="960" originy="-180" style="Default" rotation="0" justify="lowerleft" flipped="False" hidden="False" data="C3" />
    </sympin>
    <sympin number="10" originx="900" originy="-300" rotation="0" length="100" width="7.8740157480315" flipped="False">
      <text name="pinname" originx="870" originy="-300" style="Default" rotation="0" justify="right" flipped="False" hidden="False" data="IN+2" />
      <text name="pindes" originx="960" originy="-280" style="Default" rotation="0" justify="lowerleft" flipped="False" hidden="False" data="D1" />
    </sympin>
    <sympin number="11" originx="900" originy="-400" rotation="0" length="100" width="7.8740157480315" flipped="False">
      <text name="pinname" originx="870" originy="-400" style="Default" rotation="0" justify="right" flipped="False" hidden="False" data="GND" />
      <text name="pindes" originx="960" originy="-380" style="Default" rotation="0" justify="lowerleft" flipped="False" hidden="False" data="D2" />
    </sympin>
    <sympin number="12" originx="900" originy="-500" rotation="0" length="100" width="7.8740157480315" flipped="False">
      <text name="pinname" originx="870" originy="-500" style="Default" rotation="0" justify="right" flipped="False" hidden="False" data="OUT2" />
      <text name="pindes" originx="960" originy="-480" style="Default" rotation="0" justify="lowerleft" flipped="False" hidden="False" data="D3" />
    </sympin>
  </symbol>
  <component name="INA2191A4IYBJR" designatorprefix="IC" height="13.779527559055" footprint="BGA12C40P3X4_135X135X35">
    <comppin designator="A1" sympin="1" pinswap="0" gateswap="0" gate="1" group="1" side="" type="Any" name="IN+1" />
    <comppin designator="A2" sympin="2" pinswap="0" gateswap="0" gate="1" group="1" side="" type="Any" name="VS" />
    <comppin designator="A3" sympin="3" pinswap="0" gateswap="0" gate="1" group="1" side="" type="Any" name="OUT1" />
    <comppin designator="B1" sympin="4" pinswap="0" gateswap="0" gate="1" group="1" side="" type="Any" name="IN-1" />
    <comppin designator="B2" sympin="5" pinswap="0" gateswap="0" gate="1" group="1" side="" type="Any" name="EN1" />
    <comppin designator="B3" sympin="6" pinswap="0" gateswap="0" gate="1" group="1" side="" type="Any" name="REF1" />
    <comppin designator="C1" sympin="7" pinswap="0" gateswap="0" gate="1" group="1" side="" type="Any" name="IN-2" />
    <comppin designator="C2" sympin="8" pinswap="0" gateswap="0" gate="1" group="1" side="" type="Any" name="EN2" />
    <comppin designator="C3" sympin="9" pinswap="0" gateswap="0" gate="1" group="1" side="" type="Any" name="REF2" />
    <comppin designator="D1" sympin="10" pinswap="0" gateswap="0" gate="1" group="1" side="" type="Any" name="IN+2" />
    <comppin designator="D2" sympin="11" pinswap="0" gateswap="0" gate="1" group="1" side="" type="Any" name="GND" />
    <comppin designator="D3" sympin="12" pinswap="0" gateswap="0" gate="1" group="1" side="" type="Any" name="OUT2" />
    <attached_symbol gate="1" name="INA2191A4IYBJR" />
    <pinmap designator="A1" footprintpin="1" />
    <pinmap designator="A2" footprintpin="2" />
    <pinmap designator="A3" footprintpin="3" />
    <pinmap designator="B1" footprintpin="4" />
    <pinmap designator="B2" footprintpin="5" />
    <pinmap designator="B3" footprintpin="6" />
    <pinmap designator="C1" footprintpin="7" />
    <pinmap designator="C2" footprintpin="8" />
    <pinmap designator="C3" footprintpin="9" />
    <pinmap designator="D1" footprintpin="10" />
    <pinmap designator="D2" footprintpin="11" />
    <pinmap designator="D3" footprintpin="12" />
    <text name="Datasheet" originx="0" originy="0" style="Default" rotation="0" justify="" flipped="False" hidden="True" data="https://www.ti.com/lit/gpn/ina2191" />
    <text name="Description" originx="0" originy="0" style="Default" rotation="0" justify="" flipped="False" hidden="True" data="Current Sense Amplifiers 40-V, dual-channel, bidirectional, ultraprecise current sense amp w/ picoamp IB &amp; ENABLE in wcsp" />
    <text name="Manufacturer_Name" originx="0" originy="0" style="Default" rotation="0" justify="" flipped="False" hidden="True" data="Texas Instruments" />
    <text name="Manufacturer_Part_Number" originx="950" originy="200" style="Default" rotation="0" justify="left" flipped="False" hidden="False" data="INA2191A4IYBJR" />
    <text name="Mouser Part Number" originx="0" originy="0" style="Default" rotation="0" justify="" flipped="False" hidden="True" data="595-INA2191A4IYBJR" />
    <text name="Mouser Price/Stock" originx="0" originy="0" style="Default" rotation="0" justify="" flipped="False" hidden="True" data="https://www.mouser.co.uk/ProductDetail/Texas-Instruments/INA2191A4IYBJR?qs=Wj%2FVkw3K%252BMCinTcvAbaLpA%3D%3D" />
    <text name="Arrow Part Number" originx="0" originy="0" style="Default" rotation="0" justify="" flipped="False" hidden="True" data="INA2191A4IYBJR" />
    <text name="Arrow Price/Stock" originx="0" originy="0" style="Default" rotation="0" justify="" flipped="False" hidden="True" data="https://www.arrow.com/en/products/ina2191a4iybjr/texas-instruments?region=nac" />
    <text name="Mouser Testing Part Number" originx="0" originy="0" style="Default" rotation="0" justify="" flipped="False" hidden="True" data="" />
    <text name="Mouser Testing Price/Stock" originx="0" originy="0" style="Default" rotation="0" justify="" flipped="False" hidden="True" data="" />
  </component>
</quadcept_library>
