<?xml version="1.0" encoding="utf-8"?>
<!--/241805/647103/2.49/4/4/Relay or Contactor/-->
<quadcept_library>
  <setting unit="mil" />
  <textstyle name="Default" height="47.244094488189" strokewidth="7.8740157480315" charwidth="47.244094488189" />
  <textstyle name="Dimension" height="19.6850393700787" strokewidth="0" charwidth="19.6850393700787" />
  <textstyle name="H127W0635TH00762" height="50" strokewidth="3" charwidth="25" />
  <textstyle name="H15W15TH02" height="59.0551181102362" strokewidth="7.8740157480315" charwidth="59.0551181102362" />
  <padstyle name="c150_h100" surface="False" plated="True" isvia="False" nopaste="True" nomask="True" complex="False" holesize="39.370078740157">
    <padshape layer="TOP" shape="round" width="59.055118110235" height="59.055118110235" />
    <padshape layer="TOP_SOLDER_MASK" shape="round" width="66.929133858267" height="66.929133858267" />
    <padshape layer="INNER" shape="round" width="59.055118110235" height="59.055118110235" />
    <padshape layer="BOTTOM" shape="round" width="59.055118110235" height="59.055118110235" />
    <padshape layer="BOTTOM_SOLDER_MASK" shape="round" width="66.929133858267" height="66.929133858267" />
  </padstyle>
  <padstyle name="c335.4_h223.61" surface="False" plated="True" isvia="False" nopaste="True" nomask="True" complex="False" holesize="88.035433070865">
    <padshape layer="TOP" shape="round" width="132.04724409449" height="132.04724409449" />
    <padshape layer="TOP_SOLDER_MASK" shape="round" width="139.92125984252" height="139.92125984252" />
    <padshape layer="INNER" shape="round" width="132.04724409449" height="132.04724409449" />
    <padshape layer="BOTTOM" shape="round" width="132.04724409449" height="132.04724409449" />
    <padshape layer="BOTTOM_SOLDER_MASK" shape="round" width="139.92125984252" height="139.92125984252" />
  </padstyle>
  <footprint name="G5CA1AEDC24" originx="0" originy="0" pickpointx="0" pickpointy="0">
    <pcbpin number="1" name="1" style="c150_h100" originx="0" originy="0" rotation="90" />
    <pcbpin number="2" name="2" style="c150_h100" originx="699.99999999999" originy="0" rotation="90" />
    <pcbpin number="3" name="3" style="c335.4_h223.61" originx="400" originy="499.99999999999" rotation="90" />
    <pcbpin number="4" name="4" style="c335.4_h223.61" originx="0" originy="499.99999999999" rotation="90" />
    <line layer="TOP_ASSEMBLY" originx="-83.070866141731" originy="564.96062992125" endx="783.07086614172" endy="564.96062992125" width="7.8740157480314" />
    <line layer="TOP_ASSEMBLY" originx="783.07086614172" originy="564.96062992125" endx="783.07086614172" endy="-64.960629921259" width="7.8740157480314" />
    <line layer="TOP_ASSEMBLY" originx="783.07086614172" originy="-64.960629921259" endx="-83.070866141731" endy="-64.960629921259" width="7.8740157480314" />
    <line layer="TOP_ASSEMBLY" originx="-83.070866141731" originy="-64.960629921259" endx="-83.070866141731" endy="564.96062992125" width="7.8740157480314" />
    <line layer="TOP_PLACE_BOUND" originx="-122.44094488189" originy="605.43307086613" endx="822.44094488188" endy="605.43307086613" width="3.9370078740157" />
    <line layer="TOP_PLACE_BOUND" originx="822.44094488188" originy="605.43307086613" endx="822.44094488188" endy="-127.95275590551" width="3.9370078740157" />
    <line layer="TOP_PLACE_BOUND" originx="822.44094488188" originy="-127.95275590551" endx="-122.44094488189" endy="-127.95275590551" width="3.9370078740157" />
    <line layer="TOP_PLACE_BOUND" originx="-122.44094488189" originy="-127.95275590551" endx="-122.44094488189" endy="605.43307086613" width="3.9370078740157" />
    <line layer="TOP_SILKSCREEN" originx="-43.700787401574" originy="564.96062992125" endx="-83.070866141731" endy="564.96062992125" width="3.9370078740157" />
    <line layer="TOP_SILKSCREEN" originx="-83.070866141731" originy="564.96062992125" endx="-83.070866141731" endy="-64.960629921259" width="3.9370078740157" />
    <line layer="TOP_SILKSCREEN" originx="-83.070866141731" originy="-64.960629921259" endx="783.07086614172" endy="-64.960629921259" width="3.9370078740157" />
    <line layer="TOP_SILKSCREEN" originx="783.07086614172" originy="-64.960629921259" endx="783.07086614172" endy="564.96062992125" width="3.9370078740157" />
    <line layer="TOP_SILKSCREEN" originx="783.07086614172" originy="564.96062992125" endx="468.11023622047" endy="564.96062992125" width="3.9370078740157" />
    <line layer="TOP_SILKSCREEN" originx="74.409448818897" originy="564.96062992125" endx="350" endy="564.96062992125" width="3.9370078740157" />
    <line layer="TOP_SILKSCREEN" originx="-4.3307086614173" originy="-84.645669291338" endx="-4.3307086614173" endy="-84.645669291338" width="7.8740157480314" />
    <arc layer="TOP_SILKSCREEN" originx="-0.39370078740157" originy="-84.645669291338" startangle="180.0" sweepangle="180.0" radius="3.9370078740157" width="7.8740157480314" />
    <line layer="TOP_SILKSCREEN" originx="3.5433070866141" originy="-84.645669291338" endx="3.5433070866141" endy="-84.645669291338" width="7.8740157480314" />
    <arc layer="TOP_SILKSCREEN" originx="-0.39370078740157" originy="-84.645669291338" startangle=".0" sweepangle="180.0" radius="3.9370078740157" width="7.8740157480314" />
  </footprint>
  <symbol name="G5CA-1A-E-DC24" originx="0" originy="0">
    <line originx="200" originy="100" endx="1000" endy="100" width="0" />
    <line originx="1000" originy="-200" endx="1000" endy="100" width="0" />
    <line originx="1000" originy="-200" endx="200" endy="-200" width="0" />
    <line originx="200" originy="100" endx="200" endy="-200" width="0" />
    <sympin number="1" originx="200" originy="0" rotation="180" length="100" width="7.8740157480315" flipped="False">
      <text name="pinname" originx="230" originy="0" style="Default" rotation="0" justify="left" flipped="False" hidden="False" data="COIL_1" />
      <text name="pindes" originx="140" originy="20" style="Default" rotation="0" justify="lowerright" flipped="False" hidden="False" data="1" />
    </sympin>
    <sympin number="2" originx="200" originy="-100" rotation="180" length="100" width="7.8740157480315" flipped="False">
      <text name="pinname" originx="230" originy="-100" style="Default" rotation="0" justify="left" flipped="False" hidden="False" data="COIL_2" />
      <text name="pindes" originx="140" originy="-80" style="Default" rotation="0" justify="lowerright" flipped="False" hidden="False" data="2" />
    </sympin>
    <sympin number="3" originx="1000" originy="-100" rotation="0" length="100" width="7.8740157480315" flipped="False">
      <text name="pinname" originx="970" originy="-100" style="Default" rotation="0" justify="right" flipped="False" hidden="False" data="NO" />
      <text name="pindes" originx="1060" originy="-80" style="Default" rotation="0" justify="lowerleft" flipped="False" hidden="False" data="3" />
    </sympin>
    <sympin number="4" originx="1000" originy="0" rotation="0" length="100" width="7.8740157480315" flipped="False">
      <text name="pinname" originx="970" originy="0" style="Default" rotation="0" justify="right" flipped="False" hidden="False" data="COM" />
      <text name="pindes" originx="1060" originy="20" style="Default" rotation="0" justify="lowerleft" flipped="False" hidden="False" data="4" />
    </sympin>
  </symbol>
  <component name="G5CA-1A-E-DC24" designatorprefix="K" height="433.07086614173" footprint="G5CA1AEDC24">
    <comppin designator="1" sympin="1" pinswap="0" gateswap="0" gate="1" group="1" side="" type="Any" name="COIL_1" />
    <comppin designator="2" sympin="2" pinswap="0" gateswap="0" gate="1" group="1" side="" type="Any" name="COIL_2" />
    <comppin designator="3" sympin="3" pinswap="0" gateswap="0" gate="1" group="1" side="" type="Any" name="NO" />
    <comppin designator="4" sympin="4" pinswap="0" gateswap="0" gate="1" group="1" side="" type="Any" name="COM" />
    <attached_symbol gate="1" name="G5CA-1A-E-DC24" />
    <pinmap designator="1" footprintpin="1" />
    <pinmap designator="2" footprintpin="2" />
    <pinmap designator="3" footprintpin="3" />
    <pinmap designator="4" footprintpin="4" />
    <text name="Datasheet" originx="0" originy="0" style="Default" rotation="0" justify="" flipped="False" hidden="True" data="https://omronfs.omron.com/en_US/ecb/products/pdf/en-g5ca.pdf" />
    <text name="Description" originx="0" originy="0" style="Default" rotation="0" justify="" flipped="False" hidden="True" data="General Purpose Relays High-Capacity SPST-NO 24VDC" />
    <text name="Manufacturer_Name" originx="0" originy="0" style="Default" rotation="0" justify="" flipped="False" hidden="True" data="Omron Electronics" />
    <text name="Manufacturer_Part_Number" originx="1050" originy="200" style="Default" rotation="0" justify="left" flipped="False" hidden="False" data="G5CA-1A-E-DC24" />
    <text name="Mouser Part Number" originx="0" originy="0" style="Default" rotation="0" justify="" flipped="False" hidden="True" data="653-G5CA-1A-E-DC24" />
    <text name="Mouser Price/Stock" originx="0" originy="0" style="Default" rotation="0" justify="" flipped="False" hidden="True" data="https://www.mouser.co.uk/ProductDetail/Omron-Electronics/G5CA-1A-E-DC24?qs=FGnoE8EzQwvAd9SlqLyDLw%3D%3D" />
    <text name="Arrow Part Number" originx="0" originy="0" style="Default" rotation="0" justify="" flipped="False" hidden="True" data="" />
    <text name="Arrow Price/Stock" originx="0" originy="0" style="Default" rotation="0" justify="" flipped="False" hidden="True" data="" />
    <text name="Mouser Testing Part Number" originx="0" originy="0" style="Default" rotation="0" justify="" flipped="False" hidden="True" data="" />
    <text name="Mouser Testing Price/Stock" originx="0" originy="0" style="Default" rotation="0" justify="" flipped="False" hidden="True" data="" />
  </component>
</quadcept_library>
