<?xml version="1.0" encoding="utf-8"?>
<!--/11607273/978224/2.49/4/4/Power Supply/-->
<quadcept_library>
  <setting unit="mil" />
  <textstyle name="Default" height="47.244094488189" strokewidth="7.8740157480315" charwidth="47.244094488189" />
  <textstyle name="Dimension" height="19.6850393700787" strokewidth="0" charwidth="19.6850393700787" />
  <textstyle name="H127W0635TH00762" height="50" strokewidth="3" charwidth="25" />
  <textstyle name="H15W15TH02" height="59.0551181102362" strokewidth="7.8740157480315" charwidth="59.0551181102362" />
  <padstyle name="c180_h120" surface="False" plated="True" isvia="False" nopaste="True" nomask="True" complex="False" holesize="47.244094488188">
    <padshape layer="TOP" shape="round" width="70.866141732283" height="70.866141732283" />
    <padshape layer="TOP_SOLDER_MASK" shape="round" width="78.740157480314" height="78.740157480314" />
    <padshape layer="INNER" shape="round" width="70.866141732283" height="70.866141732283" />
    <padshape layer="BOTTOM" shape="round" width="70.866141732283" height="70.866141732283" />
    <padshape layer="BOTTOM_SOLDER_MASK" shape="round" width="78.740157480314" height="78.740157480314" />
  </padstyle>
  <padstyle name="c330_h220" surface="False" plated="True" isvia="False" nopaste="True" nomask="True" complex="False" holesize="86.614173228345">
    <padshape layer="TOP" shape="round" width="129.92125984252" height="129.92125984252" />
    <padshape layer="TOP_SOLDER_MASK" shape="round" width="137.79527559055" height="137.79527559055" />
    <padshape layer="INNER" shape="round" width="129.92125984252" height="129.92125984252" />
    <padshape layer="BOTTOM" shape="round" width="129.92125984252" height="129.92125984252" />
    <padshape layer="BOTTOM_SOLDER_MASK" shape="round" width="137.79527559055" height="137.79527559055" />
  </padstyle>
  <footprint name="MPM9012" originx="0" originy="0" pickpointx="0" pickpointy="0">
    <pcbpin number="1" name="1" style="c180_h120" originx="0" originy="0" rotation="90" />
    <pcbpin number="2" name="2" style="c180_h120" originx="0" originy="-265.74803149606" rotation="90" />
    <pcbpin number="3" name="3" style="c330_h220" originx="2992.1259842519" originy="-1624.0157480315" rotation="90" />
    <pcbpin number="4" name="4" style="c330_h220" originx="2992.1259842519" originy="-1407.4803149606" rotation="90" />
    <line layer="TOP_ASSEMBLY" originx="3216.5354330708" originy="196.85039370078" endx="-208.66141732283" endy="196.85039370078" width="7.8740157480314" />
    <line layer="TOP_ASSEMBLY" originx="-208.66141732283" originy="196.85039370078" endx="-208.66141732283" endy="-1850.3937007874" width="7.8740157480314" />
    <line layer="TOP_ASSEMBLY" originx="-208.66141732283" originy="-1850.3937007874" endx="3216.5354330708" endy="-1850.3937007874" width="7.8740157480314" />
    <line layer="TOP_ASSEMBLY" originx="3216.5354330708" originy="-1850.3937007874" endx="3216.5354330708" endy="196.85039370078" width="7.8740157480314" />
    <line layer="TOP_SILKSCREEN" originx="3216.5354330708" originy="-1850.3937007874" endx="-208.66141732283" endy="-1850.3937007874" width="3.9370078740157" />
    <line layer="TOP_SILKSCREEN" originx="-208.66141732283" originy="-1850.3937007874" endx="-208.66141732283" endy="196.85039370078" width="3.9370078740157" />
    <line layer="TOP_SILKSCREEN" originx="-208.66141732283" originy="196.85039370078" endx="3216.5354330708" endy="196.85039370078" width="3.9370078740157" />
    <line layer="TOP_SILKSCREEN" originx="3216.5354330708" originy="196.85039370078" endx="3216.5354330708" endy="-1850.3937007874" width="3.9370078740157" />
    <line layer="TOP_PLACE_BOUND" originx="3255.905511811" originy="-1889.7637795275" endx="-248.03149606299" endy="-1889.7637795275" width="3.9370078740157" />
    <line layer="TOP_PLACE_BOUND" originx="-248.03149606299" originy="-1889.7637795275" endx="-248.03149606299" endy="236.22047244094" width="3.9370078740157" />
    <line layer="TOP_PLACE_BOUND" originx="-248.03149606299" originy="236.22047244094" endx="3255.905511811" endy="236.22047244094" width="3.9370078740157" />
    <line layer="TOP_PLACE_BOUND" originx="3255.905511811" originy="236.22047244094" endx="3255.905511811" endy="-1889.7637795275" width="3.9370078740157" />
  </footprint>
  <symbol name="MPM-90-12" originx="0" originy="0">
    <line originx="200" originy="100" endx="900" endy="100" width="0" />
    <line originx="900" originy="-200" endx="900" endy="100" width="0" />
    <line originx="900" originy="-200" endx="200" endy="-200" width="0" />
    <line originx="200" originy="100" endx="200" endy="-200" width="0" />
    <sympin number="1" originx="200" originy="0" rotation="180" length="100" width="7.8740157480315" flipped="False">
      <text name="pinname" originx="230" originy="0" style="Default" rotation="0" justify="left" flipped="False" hidden="False" data="AC/N" />
      <text name="pindes" originx="140" originy="20" style="Default" rotation="0" justify="lowerright" flipped="False" hidden="False" data="1" />
    </sympin>
    <sympin number="2" originx="200" originy="-100" rotation="180" length="100" width="7.8740157480315" flipped="False">
      <text name="pinname" originx="230" originy="-100" style="Default" rotation="0" justify="left" flipped="False" hidden="False" data="AC/L" />
      <text name="pindes" originx="140" originy="-80" style="Default" rotation="0" justify="lowerright" flipped="False" hidden="False" data="2" />
    </sympin>
    <sympin number="3" originx="900" originy="-100" rotation="0" length="100" width="7.8740157480315" flipped="False">
      <text name="pinname" originx="870" originy="-100" style="Default" rotation="0" justify="right" flipped="False" hidden="False" data="+VO" />
      <text name="pindes" originx="960" originy="-80" style="Default" rotation="0" justify="lowerleft" flipped="False" hidden="False" data="3" />
    </sympin>
    <sympin number="4" originx="900" originy="0" rotation="0" length="100" width="7.8740157480315" flipped="False">
      <text name="pinname" originx="870" originy="0" style="Default" rotation="0" justify="right" flipped="False" hidden="False" data="-VO" />
      <text name="pindes" originx="960" originy="20" style="Default" rotation="0" justify="lowerleft" flipped="False" hidden="False" data="4" />
    </sympin>
  </symbol>
  <component name="MPM-90-12" designatorprefix="PS" height="1161.4173228346" footprint="MPM9012">
    <comppin designator="1" sympin="1" pinswap="0" gateswap="0" gate="1" group="1" side="" type="Any" name="AC/N" />
    <comppin designator="2" sympin="2" pinswap="0" gateswap="0" gate="1" group="1" side="" type="Any" name="AC/L" />
    <comppin designator="3" sympin="3" pinswap="0" gateswap="0" gate="1" group="1" side="" type="Any" name="+VO" />
    <comppin designator="4" sympin="4" pinswap="0" gateswap="0" gate="1" group="1" side="" type="Any" name="-VO" />
    <attached_symbol gate="1" name="MPM-90-12" />
    <pinmap designator="1" footprintpin="1" />
    <pinmap designator="2" footprintpin="2" />
    <pinmap designator="3" footprintpin="3" />
    <pinmap designator="4" footprintpin="4" />
    <text name="Datasheet" originx="0" originy="0" style="Default" rotation="0" justify="" flipped="False" hidden="True" data="https://www.meanwell.com/webapp/product/search.aspx?prod=MPM-90#1" />
    <text name="Description" originx="0" originy="0" style="Default" rotation="0" justify="" flipped="False" hidden="True" data="AC/DC Power Modules 80.4W 12V 6.7A PCB Mnt Medical" />
    <text name="Manufacturer_Name" originx="0" originy="0" style="Default" rotation="0" justify="" flipped="False" hidden="True" data="Mean Well" />
    <text name="Manufacturer_Part_Number" originx="950" originy="200" style="Default" rotation="0" justify="left" flipped="False" hidden="False" data="MPM-90-12" />
    <text name="Mouser Part Number" originx="0" originy="0" style="Default" rotation="0" justify="" flipped="False" hidden="True" data="709-MPM-90-12" />
    <text name="Mouser Price/Stock" originx="0" originy="0" style="Default" rotation="0" justify="" flipped="False" hidden="True" data="https://www.mouser.co.uk/ProductDetail/MEAN-WELL/MPM-90-12?qs=GBLSl2AkirsaepJLNG9d8w%3D%3D" />
    <text name="Arrow Part Number" originx="0" originy="0" style="Default" rotation="0" justify="" flipped="False" hidden="True" data="MPM-90-12" />
    <text name="Arrow Price/Stock" originx="0" originy="0" style="Default" rotation="0" justify="" flipped="False" hidden="True" data="https://www.arrow.com/en/products/mpm-90-12/mean-well-enterprises" />
    <text name="Mouser Testing Part Number" originx="0" originy="0" style="Default" rotation="0" justify="" flipped="False" hidden="True" data="" />
    <text name="Mouser Testing Price/Stock" originx="0" originy="0" style="Default" rotation="0" justify="" flipped="False" hidden="True" data="" />
  </component>
</quadcept_library>
